ts,dataset_id,dataset_name,dataset_path,gigapixels
1,1,Null,trendspek-data-sydney/datasets/hoverscape-uuykan/4-beach-street-eastern-creek-trcnja/2018-03-27/,37.9529
2,2,Null,trendspek-data-sydney/datasets/hoverscape-uuykan/fdc-next-dc-macquarie-bpx3xe/2018-07-20/,5.9321
3,3,Null,trendspek-data-sydney/datasets/hoverscape-uuykan/lombard-street-glebe-o36v3b/2018-08-03/,27.0913
4,4,Null,trendspek-data-sydney/datasets/hoverscape-uuykan/canal-demo-alikxv/2018-06-07/,14.3289
5,2,Null,trendspek-data-sydney/datasets/hoverscape-uuykan/fdc-next-dc-macquarie-bpx3xe/2018-08-02/,14.3289
7,2,Null,trendspek-data-sydney/datasets/hoverscape-uuykan/fdc-next-dc-macquarie-bpx3xe/2018-08-16/,2.98694
10,8,Null,trendspek-data-sydney/datasets/trendspek-demo-datasets-hqy8jk/loftus-cell-tower/2019-07-26/,11.342
13,10,Null,trendspek-data-sydney/datasets/hoverscape-uuykan/randwick-public-school-dnz2ce/2018-07-05/,6.62139
14,9,Null,trendspek-data-sydney/datasets/hoverscape-uuykan/warehouse-dmvr9f/2018-09-13/,32.2297
20,7,Null,trendspek-data-sydney/datasets/hoverscape-uuykan/glebe-island-silo-gm4auq/2018-01-11/,127.853
21,2,Null,trendspek-data-sydney/datasets/hoverscape-uuykan/fdc-next-dc-macquarie-bpx3xe/2018-08-30/,2.46475
24,21,Null,trendspek-data-sydney/datasets/hoverscape-uuykan/appin-road-slopes-temocv/2017-09-18/,6.39163
25,20,Null,trendspek-data-sydney/datasets/trendspek-demo-datasets-hqy8jk/waverley-reservoir/2016-10-25/,3.0895
26,23,Null,trendspek-data-sydney/datasets/hoverscape-uuykan/123-epping-road-north-ryde-gmojfn/2018-09-17/,2.13054
29,24,Null,trendspek-data-sydney/datasets/hoverscape-uuykan/freestanding-reservoir-uy7kdv/2018-09-21/,34.0222
31,9,Null,trendspek-data-sydney/datasets/hoverscape-uuykan/warehouse-dmvr9f/2018-09-07/,32.2297
32,2,Null,trendspek-data-sydney/datasets/hoverscape-uuykan/fdc-next-dc-macquarie-bpx3xe/2018-10-12/,0.793732
33,2,Null,trendspek-data-sydney/datasets/hoverscape-uuykan/fdc-next-dc-macquarie-bpx3xe/2018-10-24/,1.75457
34,20,Null,trendspek-data-sydney/datasets/trendspek-demo-datasets-hqy8jk/waverley-reservoir/2018-09-05/,17.409
35,2,Null,trendspek-data-sydney/datasets/hoverscape-uuykan/fdc-next-dc-macquarie-bpx3xe/2018-11-08/,3.00783
36,25,Null,trendspek-data-sydney/datasets/hoverscape-uuykan/bernera-road-project-uuq0zb/2018-11-09/,0
37,2,Null,trendspek-data-sydney/datasets/hoverscape-uuykan/fdc-next-dc-macquarie-bpx3xe/2018-12-06/,0
38,2,Null,trendspek-data-sydney/datasets/hoverscape-uuykan/fdc-next-dc-macquarie-bpx3xe/2018-12-20/,4.28197
39,26,Null,trendspek-data-sydney/datasets/stratachoice-kj6tmw/1-greenknowe-ave-elizabeth-bay-nyeuwo/2019-01-29/,10.8987
40,27,Null,trendspek-data-sydney/datasets/jll-gttzrt/13-rachael-close-silverwater-gy7r8j/2019-01-09/,58.3735
42,28,Null,trendspek-data-sydney/datasets/jll-gttzrt/1a-bessemer-street-blacktown-qatlpa/2019-02-19/,124.423
43,1,Null,trendspek-data-sydney/datasets/hoverscape-uuykan/4-beach-street-eastern-creek-trcnja/2019-02-26/,125.098
44,29,Null,trendspek-data-sydney/datasets/hoverscape-uuykan/fire-truck-zhs8uf/2019-02-14/,0
45,30,Null,trendspek-data-sydney/datasets/jll-gttzrt/82-belmore-rd-north-riverwood-xnf3zw/2019-03-07/,139.059
46,31,Null,trendspek-data-sydney/datasets/jll-gttzrt/49-hotham-parade-artarmon-i0ksgq/2019-03-11/,48.251
47,32,Null,trendspek-data-sydney/datasets/jll-gttzrt/29-davis-road-wetherill-park-1ggbq8/2019-03-04/,268.29
48,33,Null,trendspek-data-sydney/datasets/jll-gttzrt/27-holbech-rd-arndell-park-r4sd6r/2019-03-20/,98.3999
49,34,Null,trendspek-data-sydney/datasets/jll-gttzrt/36-honeycomb-drive-eastern-creek-cwb5bw/2019-03-12/,188.66
50,35,Null,trendspek-data-sydney/datasets/jll-gttzrt/14-epic-place-villawood-pfnfnf/2019-03-22/,94.7305
51,7,Null,trendspek-data-sydney/datasets/hoverscape-uuykan/glebe-island-silo-gm4auq/2019-03-24/,155.635
52,36,Null,trendspek-data-sydney/datasets/hoverscape-uuykan/jimboomba-tower-9o8ln3/2019-04-10/,16.5013
57,40,Null,trendspek-data-sydney/datasets/hoverscape-uuykan/exxaro-bip-substation-jwfnc0/2019-04-22/,1.16044
59,41,Null,trendspek-data-sydney/datasets/rocket-mine-1ndnvn/eyebot_monopoledataset-r5keqy/2017-01-24/,5.86724
60,42,Null,trendspek-data-sydney/datasets/rocket-mine-1ndnvn/bridge-tetrageo-p716yt/2019-04-24/,79.0405
62,39,Null,trendspek-data-sydney/datasets/hoverscape-uuykan/exxaro-bip-dms-plant-yqavla/2019-04-22/,2.93246
63,39,Null,trendspek-data-sydney/datasets/hoverscape-uuykan/exxaro-bip-dms-plant-yqavla/2019-04-23/,9.44123
66,39,Null,trendspek-data-sydney/datasets/hoverscape-uuykan/exxaro-bip-dms-plant-yqavla/2019-04-17/,7.8408
67,43,Null,trendspek-data-sydney/datasets/eye-bot-aerial-solutions-pfnaqk/herrs-island-bridge-zu6fwj/2019-03-12/,0
68,44,Null,trendspek-data-sydney/datasets/tetrageo-undxq2/mv-besant-wharf-eztcwp/2019-05-03/,53.2701
69,45,Null,trendspek-data-sydney/datasets/eye-bot-aerial-solutions-pfnaqk/inpex_eyebot_skymaxaerial-litywd/2019-05-19/,21.8456
71,39,Null,trendspek-data-sydney/datasets/hoverscape-uuykan/exxaro-bip-dms-plant-yqavla/2019-05-10/,9.56656
72,39,Null,trendspek-data-sydney/datasets/hoverscape-uuykan/exxaro-bip-dms-plant-yqavla/2019-05-17/,12.8877
73,46,Null,trendspek-data-sydney/datasets/hoverscape-uuykan/kumbia-tower-3mwsve/2018-02-26/,5.49512
74,48,Null,trendspek-data-sydney/datasets/diodrone-nnu70k/minyon-falls-yotzr6/2019-05-09/,12.7157
75,49,Null,trendspek-data-sydney/datasets/diodrone-nnu70k/glenbrook-cutting-0oo37u/2019-05-13/,10.6796
76,50,Null,trendspek-data-sydney/datasets/diodrone-nnu70k/lapstone-west-wdux6p/2019-05-13/,15.8298
77,51,Null,trendspek-data-sydney/datasets/diodrone-nnu70k/laptsone-east-wkcml6/2019-05-13/,17.267
78,52,Null,trendspek-data-sydney/datasets/diodrone-nnu70k/tunnel-1-city-arfrti/2019-05-14/,8.04463
79,53,Null,trendspek-data-sydney/datasets/diodrone-nnu70k/tunnel-1-country-xqofn7/2019-05-14/,4.5513
80,54,Null,trendspek-data-sydney/datasets/diodrone-nnu70k/tunnel-10-country-robtui/2019-05-16/,17.1273
81,55,Null,trendspek-data-sydney/datasets/diodrone-nnu70k/tunnel-2-city-cb5tiw/2019-05-14/,4.59123
83,56,Null,trendspek-data-sydney/datasets/diodrone-nnu70k/tunnel-2-to-tunnel-3-6cjd4d/2019-05-14/,11.8773
84,57,Null,trendspek-data-sydney/datasets/diodrone-nnu70k/tunnel-3-to-tunnel-4-mzikys/2019-05-14/,6.44768
85,58,Null,trendspek-data-sydney/datasets/diodrone-nnu70k/tunnel-4-to-tunnel-5-2hllou/2019-05-15/,8.96287
86,59,Null,trendspek-data-sydney/datasets/diodrone-nnu70k/tunnel-5-to-tunnel-6-7qhubw/2019-05-15/,10.4001
87,60,Null,trendspek-data-sydney/datasets/diodrone-nnu70k/tunnel-6-to-tunnel-7-nqs95y/2019-05-15/,9.24234
88,61,Null,trendspek-data-sydney/datasets/diodrone-nnu70k/tunnel-7-to-tunnel-8-fzminc/2019-05-15/,12.7357
89,62,Null,trendspek-data-sydney/datasets/diodrone-nnu70k/tunnel-8-to-tunnel-10-7eyfej/2019-05-16/,22.3373
90,63,Null,trendspek-data-sydney/datasets/acor-kjbajk/werris-creek-train-station-bguw5k/2019-05-30/,34.9229
91,64,Null,trendspek-data-sydney/datasets/rocket-mine-1ndnvn/mgk-north-concentrator-kkgil6/2019-03-14/,36.2472
92,65,Null,trendspek-data-sydney/datasets/rocket-mine-1ndnvn/fresnillo-high-wall-q9at6i/2019-04-04/,6.82695
93,66,Null,trendspek-data-sydney/datasets/diodrone-nnu70k/lorne-quarry-9b26vn/2019-05-21/,30.5416
94,67,Null,trendspek-data-sydney/datasets/smec-9bx93l/keelbottom-creek-fldanx/2019-06-04/,76.5483
95,68,Null,trendspek-data-sydney/datasets/smec-9bx93l/star-river-bridge-o3fbpo/2019-06-04/,67.7549
96,69,Null,trendspek-data-sydney/datasets/smec-9bx93l/burdekin-river-bridge-zufwf4/2019-06-03/,85.2432
97,70,Null,trendspek-data-sydney/datasets/smec-9bx93l/clarke-river-bridge-ys4eam/2019-06-03/,68.7326
98,71,Null,trendspek-data-sydney/datasets/diodrone-nnu70k/figure-8-pools-wpwkla/2019-05-30/,49.2659
99,72,Null,trendspek-data-sydney/datasets/diodrone-nnu70k/little-garie-head-dotvpp/2019-05-31/,20.6605
100,71,Null,trendspek-data-sydney/datasets/diodrone-nnu70k/figure-8-pools-wpwkla/2018-07-10/,25.2517
101,72,Null,trendspek-data-sydney/datasets/diodrone-nnu70k/little-garie-head-dotvpp/2018-06-26/,9.6815
102,73,Null,trendspek-data-sydney/datasets/hoverscape-uuykan/loftus-tower-k0gjbc/2019-07-26/,22.6071
103,74,Null,trendspek-data-sydney/datasets/diodrone-nnu70k/gosford-city-carpark-gsclw8/2019-06-14/,26.5493
104,75,Null,trendspek-data-sydney/datasets/hoverscape-uuykan/t2dam-slip-uywjsm/2019-04-30/,2.544
105,76,Null,trendspek-data-usa-west/datasets/eye-bot-aerial-solutions-pfnaqk/mw-4icsjo/2019-06-09/,179.936
106,77,Null,trendspek-data-sydney/datasets/diodrone-nnu70k/cape-baily-track-3m7tvh/2019-06-20/,44.3952
107,78,Null,trendspek-data-sydney/datasets/diodrone-nnu70k/diamond-bay-zltkaj/2019-06-20/,44.1955
108,79,Null,trendspek-data-sydney/datasets/hoverscape-uuykan/nik-rock-upper-masonry-tunnel-r2fdkm/2019-06-07/,5.81645
109,80,Null,trendspek-data-sydney/datasets/done-surveying-sa9szh/rock-hq-final-ncooy8/2019-06-18/,12.9153
110,81,Null,trendspek-data-usa-west/datasets/eye-bot-aerial-solutions-pfnaqk/lake-charles-3lkpve/2019-06-28/,225.237
111,82,Null,trendspek-data-sydney/datasets/diodrone-nnu70k/pindari-dam-dbfuvb/2019-04-11/,403.649
112,92,Null,trendspek-data-sydney/datasets/manam-wgtnms/toy-bridge-test-nnimde/2019-02-04/,0.758551
113,93,Null,trendspek-data-usa-west/datasets/eye-bot-aerial-solutions-pfnaqk/new-kensington-xtkxok/2019-07-19/,57.3903
114,94,Null,trendspek-data-sydney/datasets/jll-gttzrt/16-24-fariola-street-silverwater-8trtcg/2019-07-19/,130.159
115,95,Null,trendspek-data-sydney/datasets/jll-gttzrt/1-3-slough-ave-silverwater-figh07/2019-07-19/,81.4868
116,96,Null,trendspek-data-sydney/datasets/hoverscape-uuykan/1/55-arden-street-clovelly-9q94up/2019-07-16/,3.92688
118,97,Null,trendspek-data-sydney/datasets/trendspek-demo-datasets-hqy8jk/demo-warehouse-g2t8ec/2019-01-09/,58.3735
119,98,Null,trendspek-data-usa-west/datasets/eye-bot-aerial-solutions-pfnaqk/arnold-sub-station-plbvni/2019-08-07/,23.4928
120,99,Null,trendspek-data-sydney/datasets/diodrone-nnu70k/cowan-cut-04-1981-il3dsk/2019-08-08/,6.20814
121,100,Null,trendspek-data-sydney/datasets/diodrone-nnu70k/cowan-cut-07-7904-lmnz8f/2019-08-08/,5.09027
122,101,Null,trendspek-data-sydney/datasets/diodrone-nnu70k/cowan-cut-15-3149-l8izub/2019-08-08/,8.86306
123,102,Null,trendspek-data-sydney/datasets/diodrone-nnu70k/cowan-cut-18-2782-kg2xjr/2019-08-08/,14.4324
125,104,Null,trendspek-data-sydney/datasets/diodrone-nnu70k/cowan-cut-19-1985-sqog00/2019-08-08/,8.56364
126,105,Null,trendspek-data-sydney/datasets/diodrone-nnu70k/cowan-cut-20-1946-wlwwc0/2019-08-08/,11.6577
127,106,Null,trendspek-data-sydney/datasets/diodrone-nnu70k/cowan-cut-21-3152-i0xmj2/2019-08-08/,8.68341
128,107,Null,trendspek-data-sydney/datasets/diodrone-nnu70k/cowan-cut-22-3153-fehdg7/2019-08-08/,20.6206
129,108,Null,trendspek-data-sydney/datasets/diodrone-nnu70k/hbt-sand-silo-bvmdie/2019-08-15/,9.64158
130,109,Null,trendspek-data-sydney/datasets/diodrone-nnu70k/waverton-cut-ozraq0/2019-08-03/,35.8715
131,110,Null,trendspek-data-sydney/datasets/jll-gttzrt/42-lamb-st-glendenning-ajocwf/2019-08-08/,92.6216
132,111,Null,trendspek-data-usa-west/datasets/geosmapper-7ciwbc/dacono-rw3dms/2019-08-01/,4.01233
133,112,Null,trendspek-data-sydney/datasets/hoverscape-uuykan/1-elanora-st-rose-bay-eoxyxm/2019-09-04/,6.32897
134,113,Null,trendspek-data-sydney/datasets/hoverscape-uuykan/walker-st-ben-hesse-thesis-fcbnoj/2019-09-04/,7.14359
135,99,Null,trendspek-data-sydney/datasets/diodrone-nnu70k/cowan-cut-04-1981-il3dsk/2019-09-02/,5.36974
136,100,Null,trendspek-data-sydney/datasets/diodrone-nnu70k/cowan-cut-07-7904-lmnz8f/2019-09-02/,6.42772
137,101,Null,trendspek-data-sydney/datasets/diodrone-nnu70k/cowan-cut-15-3149-l8izub/2019-09-02/,8.68341
138,102,Null,trendspek-data-sydney/datasets/diodrone-nnu70k/cowan-cut-18-2782-kg2xjr/2019-09-02/,13.3545
139,104,Null,trendspek-data-sydney/datasets/diodrone-nnu70k/cowan-cut-19-1985-sqog00/2019-09-02/,9.40203
140,105,Null,trendspek-data-sydney/datasets/diodrone-nnu70k/cowan-cut-20-1946-wlwwc0/2019-09-02/,11.9971
141,106,Null,trendspek-data-sydney/datasets/diodrone-nnu70k/cowan-cut-21-3152-i0xmj2/2019-09-02/,9.18245
142,107,Null,trendspek-data-sydney/datasets/diodrone-nnu70k/cowan-cut-22-3153-fehdg7/2019-09-02/,22.5968
144,114,Null,trendspek-data-sydney/datasets/diodrone-nnu70k/bridge-street-westmead-budirv/2019-09-16/,138.78
145,115,Null,trendspek-data-sydney/datasets/hoverscape-uuykan/port-kembla-marine-rescue-nsw-ltjw34/2019-09-16/,16.8981
146,116,Null,trendspek-data-sydney/datasets/rocket-mine-1ndnvn/dms-plant-lidar-test-uq69h6/2019-07-21/,10.966
147,117,Null,trendspek-data-sydney/datasets/hoverscape-uuykan/bonnet-bay-telco-tower-test-eniq2n/2019-09-26/,0
148,118,Null,trendspek-data-sydney/datasets/hoverscape-uuykan/walker-st-ben-hesse-thesis-20-aev7qv/2019-09-27/,7.0644
149,119,Null,trendspek-data-sydney/datasets/hoverscape-uuykan/loftus-ss-tower-test-vcrkp4/2019-10-01/,8.07655
150,120,Null,trendspek-data-sydney/datasets/trendspek-demo-datasets-hqy8jk/freestanding-reservoir/2018-09-21/,0
151,121,Null,trendspek-data-sydney/datasets/diodrone-nnu70k/chullora-warehouse-gqrlyx/2019-09-25/,73.677
152,99,Null,trendspek-data-sydney/datasets/diodrone-nnu70k/cowan-cut-04-1981-il3dsk/2019-10-09/,8.04463
153,100,Null,trendspek-data-sydney/datasets/diodrone-nnu70k/cowan-cut-07-7904-lmnz8f/2019-10-09/,7.12638
154,101,Null,trendspek-data-sydney/datasets/diodrone-nnu70k/cowan-cut-15-3149-l8izub/2019-10-09/,10.8992
155,102,Null,trendspek-data-sydney/datasets/diodrone-nnu70k/cowan-cut-18-2782-kg2xjr/2019-10-02/,14.1729
156,104,Null,trendspek-data-sydney/datasets/diodrone-nnu70k/cowan-cut-19-1985-sqog00/2019-10-09/,11.498
157,106,Null,trendspek-data-sydney/datasets/diodrone-nnu70k/cowan-cut-21-3152-i0xmj2/2019-10-09/,10.4999
158,107,Null,trendspek-data-sydney/datasets/diodrone-nnu70k/cowan-cut-22-3153-fehdg7/2019-10-09/,24.4533
159,73,Null,trendspek-data-sydney/datasets/hoverscape-uuykan/loftus-tower-k0gjbc/2019-10-01/,8.07655
160,105,Null,trendspek-data-sydney/datasets/diodrone-nnu70k/cowan-cut-20-1946-wlwwc0/2019-10-09/,12.9752
161,122,Null,trendspek-data-sydney/datasets/high-exposure/menai-rd-bridge-bk2vsm/2019-10-11/,11.0988
162,123,Null,trendspek-data-sydney/datasets/diodrone-nnu70k/long-island-laydown-and-access-ramp-tlm3ly/2019-10-04/,19.6624
163,124,Null,trendspek-data-sydney/datasets/diodrone-nnu70k/wondabyne-site-01-skhmdt/2019-09-27/,39.5644
164,125,Null,trendspek-data-sydney/datasets/diodrone-nnu70k/wondabyne-site-03-mvzee6/2019-09-27/,40.6224
165,126,Null,trendspek-data-sydney/datasets/diodrone-nnu70k/wondabyne-site-06-xzbkz9/2019-10-03/,25.7109
166,127,Null,trendspek-data-sydney/datasets/diodrone-nnu70k/wondabyne-site-02-svdwqq/2019-09-27/,26.7888
167,128,Null,trendspek-data-sydney/datasets/diodrone-nnu70k/wondabyne-site-05-acpka0/2019-10-08/,47.5092
168,129,Null,trendspek-data-sydney/datasets/diodrone-nnu70k/wondabyne-quarry-access-do26oi/2019-10-04/,12.6957
169,119,Null,trendspek-data-sydney/datasets/hoverscape-uuykan/loftus-ss-tower-test-vcrkp4/2019-10-22/,7.98909
170,130,Null,trendspek-data-sydney/datasets/diodrone-nnu70k/wondabyne-site-07-be85rr/2019-10-08/,23.2356
171,131,Null,trendspek-data-sydney/datasets/diodrone-nnu70k/wondabyne-site-04-i9hatp/2019-10-18/,23.8544
172,132,Null,trendspek-data-sydney/datasets/diodrone-nnu70k/wondabyne-site-06a-hqn6xq/2019-10-03/,41.361
173,133,Null,trendspek-data-sydney/datasets/hoverscape-uuykan/ap-wireless-safc-telstra-dnyddu/2019-10-30/,8.59295
174,134,Null,trendspek-data-sydney/datasets/hoverscape-uuykan/ap-wireless-safc-vha-optus-s6riz3/2019-10-30/,7.93195
175,135,Null,trendspek-data-sydney/datasets/hoverscape-uuykan/norwest-marketown-wsr1ck/2019-10-31/,59.899
176,136,Null,trendspek-data-sydney/datasets/hoverscape-uuykan/saint-davids-uniting-church-qc2mzg/2019-11-04/,4.25516
177,137,Null,trendspek-data-sydney/datasets/inpex-y8fv0p/ae3k-9e7u9c/2019-11-01/,44.455
178,138,Null,trendspek-data-sydney/datasets/high-exposure/4g-tower-cronulla-zuzlqq/2019-11-05/,18.9837
179,139,Null,trendspek-data-sydney/datasets/hoverscape-uuykan/warrimoo-ovaltower-6vtejw/2019-11-18/,6.25881
180,119,Null,trendspek-data-sydney/datasets/hoverscape-uuykan/loftus-ss-tower-test-vcrkp4/2019-11-19/,5.90765
181,140,Null,trendspek-data-sydney/datasets/hoverscape-uuykan/cpec-arena-6aqlbd/2019-11-22/,50.1489
182,137,Null,trendspek-data-sydney/datasets/inpex-y8fv0p/ae3k-9e7u9c/2019-11-21/,23.1132
183,141,Null,trendspek-data-sydney/datasets/trendspek-demo-datasets-hqy8jk/warrimoo-cell-tower-demo/2019-11-25/,9.35723
184,142,Null,trendspek-data-sydney/datasets/droneit-group-TNX5de4a874a0c05/test-veimut/2019-12-02/,4.49142
185,143,Null,trendspek-data-sydney/datasets/sydney-trains-okq5de5c2c49bcbc/westmead-test-wbwera/2019-12-05/,6.68722
186,144,Null,trendspek-data-sydney/datasets/hoverscape-uuykan/29-davis-rd-wetherill-park-preliminary-capture-at-v2b7lo/2019-12-04/,39.8998
187,145,Null,trendspek-data-sydney/datasets/sydney-trains-okq5de5c2c49bcbc/gosford-yard-remodelling-tke7sl/2019-12-06/,14.9914
188,146,Null,trendspek-data-sydney/datasets/aerodyne-sux5de4d50189bdc/barry-roof-5-2h2uyn/2019-11-07/,1.42036
189,147,Null,trendspek-data-sydney/datasets/high-exposure/residential-building-inspection-5yrei3/2019-12-04/,19.5427
190,148,Null,trendspek-data-sydney/datasets/sydney-trains-okq5de5c2c49bcbc/clyde-warehouse-trial-flight-gbgwkw/2019-12-13/,9.2623
191,149,Null,trendspek-data-sydney/datasets/diodrone-nnu70k/coledale-geotech-2en66l/2019-12-15/,22.2175
192,150,Null,trendspek-data-sydney/datasets/sydney-trains-okq5de5c2c49bcbc/glenbrook-bridge-a60ewb/2019-12-09/,6.16821
193,145,Null,trendspek-data-sydney/datasets/sydney-trains-okq5de5c2c49bcbc/gosford-yard-remodelling-tke7sl/2019-12-13/,21.3991
194,145,Null,trendspek-data-sydney/datasets/sydney-trains-okq5de5c2c49bcbc/gosford-yard-remodelling-tke7sl/2019-12-23/,7.34596
195,151,Null,trendspek-data-sydney/datasets/sydney-trains-okq5de5c2c49bcbc/zigzag-sigelec-oizztn/2019-12-25/,0.798474
196,145,Null,trendspek-data-sydney/datasets/sydney-trains-okq5de5c2c49bcbc/gosford-yard-remodelling-tke7sl/2019-12-27/,15.5702
197,152,Null,trendspek-data-sydney/datasets/sydney-trains-okq5de5c2c49bcbc/zz-tunnel-6-country-side-qs9bvo/2019-12-30/,2.97432
198,153,Null,trendspek-data-sydney/datasets/sydney-trains-okq5de5c2c49bcbc/edgecombe-y5zcz0/2019-12-30/,19.8221
199,145,Null,trendspek-data-sydney/datasets/sydney-trains-okq5de5c2c49bcbc/gosford-yard-remodelling-tke7sl/2019-12-30/,13.1748
200,145,Null,trendspek-data-sydney/datasets/sydney-trains-okq5de5c2c49bcbc/gosford-yard-remodelling-tke7sl/2019-12-31/,24.613
201,145,Null,trendspek-data-sydney/datasets/sydney-trains-okq5de5c2c49bcbc/gosford-yard-remodelling-tke7sl/2020-01-03/,9.2623
202,145,Null,trendspek-data-sydney/datasets/sydney-trains-okq5de5c2c49bcbc/gosford-yard-remodelling-tke7sl/2020-01-06/,16.9277
203,154,Null,trendspek-data-usa-west/datasets/helios-visions-rhk89l/1410-n-state-parkway-ordqng/2020-01-06/,4.248
204,155,Null,trendspek-data-sydney/datasets/inpex-y8fv0p/demethaniser-mt4ggn/2020-01-01/,8.36075
205,145,Null,trendspek-data-sydney/datasets/sydney-trains-okq5de5c2c49bcbc/gosford-yard-remodelling-tke7sl/2020-01-08/,16.9476
206,156,Null,trendspek-data-sydney/datasets/sydney-trains-okq5de5c2c49bcbc/wondabyne-recon-66523-6695-w0xjhp/2020-01-12/,5.82886
207,157,Null,trendspek-data-sydney/datasets/sydney-trains-okq5de5c2c49bcbc/knapsack-bridge-lapstone-ilvzh1/2020-01-11/,13.5142
208,158,Null,trendspek-data-sydney/datasets/sydney-trains-okq5de5c2c49bcbc/wondabyne-66523-6695-0emp1w/2020-01-13/,19.1634
209,159,Null,trendspek-data-sydney/datasets/eyefly-hpi5eb4cf3178744/house-cgf65a/2020-01-08/,8.784
210,160,Null,trendspek-data-sydney/datasets/sydney-trains-okq5de5c2c49bcbc/mt-kuring-gai-5g-tower-site-txzvc5/2020-01-15/,11.4381
211,145,Null,trendspek-data-sydney/datasets/sydney-trains-okq5de5c2c49bcbc/gosford-yard-remodelling-tke7sl/2020-01-15/,12.2965
212,161,Null,trendspek-data-sydney/datasets/diodrone-nnu70k/woy-woy-3uxqbn/2020-01-14/,36.4903
213,162,Null,trendspek-data-sydney/datasets/trendspek-oksedq/suprmen-4lsbnk/2020-01-20/,37.9663
214,163,Null,trendspek-data-sydney/datasets/the-black-arrows-evc5e1e59f9f3240/test-wd4i3j/2020-01-15/,0.42923
215,164,Null,trendspek-data-sydney/datasets/sydney-trains-okq5de5c2c49bcbc/oaky-park-staging-zcdltg/2020-01-21/,29.5835
216,165,Null,trendspek-data-usa-west/datasets/helios-visions-rhk89l/14n-peoria-roof-zz9r03/2020-01-08/,9.88334
217,166,Null,trendspek-data-usa-west/datasets/helios-visions-rhk89l/14n-peoria-north-facade-zoucz8/2020-01-08/,7.59438
218,167,Null,trendspek-data-usa-west/datasets/helios-visions-rhk89l/14n-peoria-east-facade-ftrrix/2020-01-08/,11.3206
219,168,Null,trendspek-data-usa-west/datasets/helios-visions-rhk89l/14n-peoria-south-facade-omt1h3/2020-01-28/,10.8819
220,169,Null,trendspek-data-usa-west/datasets/helios-visions-rhk89l/14n-peoria-west-facade-o0lzfk/2020-01-08/,8.37511
221,20,Null,trendspek-data-sydney/datasets/trendspek-demo-datasets-hqy8jk/waverley-reservoir/2020-01-29/,11.4673
222,170,Null,trendspek-data-sydney/datasets/hoverscape-uuykan/mcleod-park-prestons-15mm-jumtd9/2020-02-03/,3.19582
223,171,Null,trendspek-data-sydney/datasets/hoverscape-uuykan/mcleod-park-prestons-05mm-osbvue/2020-02-04/,24.2506
224,172,Null,trendspek-data-sydney/datasets/trendspek-oksedq/building-asset-for-dennis-m4vuiv/2020-02-04/,10.8987
225,173,Null,trendspek-data-sydney/datasets/douglas-partners-dec5e52faa2e97a2/landslide-site-mqj0mo/2020-02-01/,5.23001
226,174,Null,trendspek-data-sydney/datasets/douglas-partners-dec5e52faa2e97a2/landslide-near-itnhlm/2020-02-01/,10.0408
227,175,Null,trendspek-data-sydney/datasets/als-global-olw5e4525c6dd926/qal-tower-stack-gves16/2019-04-03/,24.0208
228,176,Null,trendspek-data-sydney/datasets/skymax-pty-ltd-phz4bj/a3ek-recapture-awkgfk/2020-02-13/,193.656
229,177,Null,trendspek-data-sydney/datasets/diodrone-nnu70k/macauley-st-nzapkz/2020-02-17/,58.9474
230,178,Null,trendspek-data-sydney/datasets/skymax-pty-ltd-phz4bj/ldc-sample-dataset-3gmvlm/2020-02-25/,44.0046
231,179,Null,trendspek-data-usa-west/datasets/eye-bot-aerial-solutions-pfnaqk/pipeline-row-beachfield-galeota-kp35-6-sector-1-wgj3jh/2019-08-02/,3.588
232,180,Null,trendspek-data-usa-west/datasets/eye-bot-aerial-solutions-pfnaqk/central-block-5xvfla/2019-11-24/,132.779
233,181,Null,trendspek-data-sydney/datasets/diodrone-nnu70k/wolgan-gap-fixehu/2020-02-24/,-810
234,182,Null,trendspek-data-usa-west/datasets/eye-bot-aerial-solutions-pfnaqk/pipeline-row-beachfield-galeota-kp35-6-sector-2-w4kh44/2018-08-02/,11.82
235,183,Null,trendspek-data-sydney/datasets/als-global-olw5e4525c6dd926/aberdare-south-colliery-stack-fe7yup/2019-11-01/,20.0816
236,184,Null,trendspek-data-sydney/datasets/douglas-partners-dec5e52faa2e97a2/sea-cliff-n9byxc/2020-02-18/,6.52753
237,185,Null,trendspek-data-sydney/datasets/trendspek-oksedq/critical-asset-sr3tmt/2020-03-17/,0.414554
238,186,Null,trendspek-data-sydney/datasets/avian-uas-lkn5e69j77h8m47x/dandenong-tower-ocdh6g/2019-08-29/,1.842
239,187,Null,trendspek-data-sydney/datasets/avian-uas-lkn5e69j77h8m47x/olex-tower-g0vmdk/2020-01-07/,1.272
240,188,Null,trendspek-data-sydney/datasets/avian-uas-lkn5e69j77h8m47x/port-melbourne-ztclly/2019-11-15/,1.152
241,189,Null,trendspek-data-sydney/datasets/avian-uas-lkn5e69j77h8m47x/veoila-brooklyn-eavrri/2020-01-07/,2.4
242,190,Null,trendspek-data-sydney/datasets/avian-uas-lkn5e69j77h8m47x/caribbean-business-park-tlbe08/2020-03-20/,3.144
243,191,Null,trendspek-data-sydney/datasets/avian-uas-lkn5e69j77h8m47x/suburban-water-tank-9ow73d/2020-03-20/,1.512
244,192,Null,trendspek-data-sydney/datasets/avian-uas-lkn5e69j77h8m47x/yarraville-train-bridge-whwsj0/2020-03-20/,5.72905
245,193,Null,trendspek-data-sydney/datasets/avian-uas-lkn5e69j77h8m47x/kensington-metro-tunnel-site-ssypki/2020-03-20/,1.68
246,194,Null,trendspek-data-usa-west/datasets/eye-bot-aerial-solutions-pfnaqk/uss-clairton-h1f4ol/2020-03-16/,50.0442
247,195,Null,trendspek-data-sydney/datasets/birdi-pln6f03j87h8m45l/small-roof-birdi-rtlwyf/2020-03-12/,1.752
248,196,Null,trendspek-data-usa-west/datasets/eye-bot-aerial-solutions-pfnaqk/uss-clairton-v2-jxgdff/2020-03-16/,50.0942
249,197,Null,trendspek-data-sydney/datasets/birdi-pln6f03j87h8m45l/large-light-birdi-yo25zz/2020-03-12/,5.052
250,198,Null,trendspek-data-sydney/datasets/birdi-pln6f03j87h8m45l/stormwater-birdi-gbaici/2020-03-12/,5.60928
251,199,Null,trendspek-data-sydney/datasets/inspired-flight-1zvyid/rock-o7btix/2020-03-26/,0.898284
252,200,Null,trendspek-data-sydney/datasets/highsnaps-yhn7f89j77h8m09j/trace-kwhhbo/2020-01-26/,11.5579
253,214,Null,trendspek-data-sydney/datasets/hoverscape-uuykan/south-head-signal-station-kyjrsm/2020-04-01/,9.00259
254,202,Null,trendspek-data-sydney/datasets/hoverscape-uuykan/south-coogee-coast-walk-landslip-3rd-april-2020-fuwtar/2020-04-03/,9.44774
255,203,Null,trendspek-data-usa-west/datasets/eye-bot-aerial-solutions-pfnaqk/lake-charles-3lkpve/2019-06-28/,225.237
256,203,Null,trendspek-data-usa-west/datasets/eye-bot-aerial-solutions-pfnaqk/lake-charles-3lkpve/2019-06-28/,225.237
258,214,Null,trendspek-data-sydney/datasets/hoverscape-uuykan/south-head-signal-station-kyjrsm/2020-04-07/,27.6262
259,204,Null,trendspek-data-usa-west/datasets/division-7-9ygaex76pxe0fvh9/9460-fields-ertel-mkrnuo/2020-04-03/,12.2566
260,205,Null,trendspek-data-usa-west/datasets/eye-bot-aerial-solutions-pfnaqk/newkensington-church-20200408-yexmkg/2020-04-08/,6.98957
261,206,Null,trendspek-data-usa-west/datasets/eye-bot-aerial-solutions-pfnaqk/newkensington-building-20200408-nmnilc/2020-04-08/,4.73971
262,207,Null,trendspek-data-europe-west/datasets/eyefly-hpi5eb4cf3178744/de-burcht-hoogezand-eivq9j/2020-03-09/,359.966
263,208,Null,trendspek-data-sydney/datasets/douglas-partners-dec5e52faa2e97a2/coulsons-grids-e0a80x/2020-04-06/,31.3601
264,209,Null,trendspek-data-usa-west/datasets/eye-bot-aerial-solutions-pfnaqk/mahoning-dam-xk0ixz/2017-07-16/,14.9514
265,210,Null,trendspek-data-europe-west/datasets/eyefly-hpi5eb4cf3178744/bam-leimuiden-mgex9c/2020-03-31/,103.897
266,201,Null,trendspek-data-sydney/datasets/hoverscape-uuykan/south-head-signal-station-kyjrsm/2020-04-15/,15.4526
267,212,Null,trendspek-data-usa-west/datasets/cynosure-drone-services-6170vk251iych8ld/walsh-fj5ycd/2020-04-15/,6.10833
268,213,Null,trendspek-data-usa-west/datasets/cynosure-drone-services-6170vk251iych8ld/22-and-midlothian-tdsucc/2020-04-15/,2.57508
269,2,Null,trendspek-data-sydney/datasets/hoverscape-uuykan/fdc-next-dc-macquarie-bpx3xe/2020-04-13/,6.97649
270,215,Null,trendspek-data-usa-west/datasets/eye-bot-aerial-solutions-pfnaqk/new-kengsington-corridor-cylyr9/2020-03-15/,33.538
271,215,Null,trendspek-data-usa-west/datasets/eye-bot-aerial-solutions-pfnaqk/new-kengsington-corridor-cylyr9/2020-04-09/,33.178
272,216,Null,trendspek-data-sydney/datasets/trendspek-demo-datasets-hqy8jk/opera-house-demo/2020-04-18/,29.6331
273,217,Null,trendspek-data-usa-west/datasets/division-7-9ygaex76pxe0fvh9/3315-urbancrest-d4psp1/2020-04-27/,48.8067
274,218,Null,trendspek-data-europe-west/datasets/eyefly-hpi5eb4cf3178744/bridge-demo-remco-es6gts/2020-01-31/,152.069
275,218,Null,trendspek-data-europe-west/datasets/eyefly-hpi5eb4cf3178744/bridge-demo-remco-es6gts/2020-01-31/,152.069
276,218,Null,trendspek-data-europe-west/datasets/eyefly-hpi5eb4cf3178744/bridge-demo-remco-es6gts/2020-01-31/,152.069
278,219,Null,trendspek-data-europe-west/datasets/eyefly-hpi5eb4cf3178744/holtenbroekerbrug-bridge-7gmodk/2020-04-08/,64.5019
279,220,Null,trendspek-data-europe-west/datasets/eyefly-hpi5eb4cf3178744/westenholterfietsbrug-bridge-4aebpq/2020-04-05/,227.186
280,221,Null,trendspek-data-sydney/datasets/high-exposure-kls0ktz7t42ywf63/csu-building-44fj5c/2020-04-27/,26.5093
281,221,Null,trendspek-data-sydney/datasets/high-exposure-kls0ktz7t42ywf63/csu-building-44fj5c/2020-05-11/,26.5093
282,222,Null,trendspek-data-sydney/datasets/trendspek-demo-datasets-hqy8jk/waverley-reservoir/2018-09-05/,17.409
283,222,Null,trendspek-data-sydney/datasets/trendspek-demo-datasets-hqy8jk/waverley-reservoir/2020-01-29/,11.4673
284,223,Null,trendspek-data-europe-west/datasets/eyefly-hpi5eb4cf3178744/algerabrug-x3i8sg/2020-03-04/,205.243
285,224,Null,trendspek-data-sydney/datasets/trendspek-oksedq/statue-of-liberty-grtfui/2020-05-08/,1.97473
286,216,Null,trendspek-data-sydney/datasets/trendspek-demo-datasets-hqy8jk/opera-house-demo/2020-04-19/,35.1283
287,225,Null,trendspek-data-sydney/datasets/trendspek-oksedq/ct01-lattice-tower-cf9hrt/2019-07-10/,5.07031
288,226,Null,trendspek-data-usa-west/datasets/fotosa-3d-mvw5ed08f9495e0a/fotosa3d-projects-mrawac/2020-05-29/,2.46623
289,227,Null,trendspek-data-europe-west/datasets/eyefly-hpi5eb4cf3178744/spoorbrug-buggenum-6x9nlj/2020-05-04/,768.512
290,228,Null,trendspek-data-europe-west/datasets/phase-one-yot5ebe19c269b45/scriv-church-r2-sqxsii/2020-06-04/,17.2712
291,229,Null,trendspek-data-sydney/datasets/drone-services-fiji-ceq5ebc125dbd78e/informal-settlement-example-r7iyej/2020-03-15/,5.29092
292,230,Null,trendspek-data-europe-west/datasets/eyefly-hpi5eb4cf3178744/oude-ijsselbrug-zutphen-9fregk/2020-05-27/,322.51
293,231,Null,trendspek-data-sydney/datasets/avcrm-wsj5ece73ad490b9/do-not-use-without-permission-hsgght/2020-06-09/,13.2946
294,232,Null,trendspek-data-europe-west/datasets/eyefly-hpi5eb4cf3178744/johan-willem-frisokazerne-gebouw-15-v3-qnlbay/2020-03-18/,282.4
295,233,Null,trendspek-data-sydney/datasets/avcrm-wsj5ece73ad490b9/do-not-use-without-permission-2-wjcqfw/2020-06-10/,4.2918
296,234,Null,trendspek-data-sydney/datasets/hoverscape-uuykan/dicker-data-3mm-test-capture-5grnya/2020-05-31/,54.1136
297,235,Null,trendspek-data-europe-west/datasets/eyefly-hpi5eb4cf3178744/peperbus-zwolle-3utnor/2020-06-02/,145.129
298,236,Null,trendspek-data-sydney/datasets/avcrm-wsj5ece73ad490b9/do-not-use-again-fcqoba/2020-06-11/,2.01615
299,237,Null,trendspek-data-europe-west/datasets/dronepoint-bv-aba5ecf81d95a314/sand-h1q74u/2020-06-03/,2.169
300,238,Null,trendspek-data-europe-west/datasets/phase-one-yot5ebe19c269b45/palmyra-bridge-t0ir7i/2020-06-10/,12.7575
301,239,Null,trendspek-data-europe-west/datasets/ai-survey-vui5edc64bc339a7/hafen-abkqwy/2020-06-12/,110.429
302,240,Null,trendspek-data-sydney/datasets/hoverscape-uuykan/clarke-reserve-dp-2n6h4l/2020-06-15/,47.6183
303,241,Null,trendspek-data-europe-west/datasets/phase-one-yot5ebe19c269b45/wessex-water-ixm-100-7toqbc/2020-06-09/,47.8661
304,242,Null,trendspek-data-usa-west/datasets/recon-aerial-media-ceg5ee309a4d6bd4/tracks-test-1budce/2020-06-16/,4.41822
305,243,Null,trendspek-data-europe-west/datasets/ai-survey-vui5edc64bc339a7/wangeroog-kseazw/2020-06-08/,32.4551
306,200,Null,trendspek-data-sydney/datasets/highsnaps-yhn7f89j77h8m09j/trace-kwhhbo/2019-09-21/,15.6501
307,244,Null,trendspek-data-sydney/datasets/trendspek-oksedq/skydio-test-1-12m-atl-5m-roof-height-gyl117/2020-06-19/,2.53347
308,245,Null,trendspek-data-europe-west/datasets/ai-survey-vui5edc64bc339a7/langeoog-2xyzb2/2020-06-09/,71.5441
309,246,Null,trendspek-data-usa-west/datasets/eye-bot-aerial-solutions-pfnaqk/jlhouse-propertylines-rf4ewi/2020-06-03/,17.8259
310,247,Null,trendspek-data-sydney/datasets/highsnaps-yhn7f89j77h8m09j/woolworths-facade-x8pcdu/2020-06-20/,8.39946
311,248,Null,trendspek-data-sydney/datasets/douglas-partners-dec5e52faa2e97a2/hungry-point-humwnv/2020-06-24/,31.8791
312,250,Null,trendspek-data-europe-west/datasets/eyefly-hpi5eb4cf3178744/de-burcht-hoogezand-eivq9j/2020-03-09/,359.966
313,249,Null,trendspek-data-europe-west/datasets/eyefly-hpi5eb4cf3178744/spoorbrug-buggenum-6x9nlj/2020-05-04/,768.512
314,251,Null,trendspek-data-sydney/datasets/avcrm-wsj5ece73ad490b9/not-for-publication-wp1sbf/2020-06-30/,0.431558
315,252,Null,trendspek-data-sydney/datasets/douglas-partners-dec5e52faa2e97a2/stockpiles1-idfwgn/2019-11-16/,2.112
316,253,Null,trendspek-data-europe-west/datasets/tuv-sud-cix5eefdf815d70c/stockmeting-rw6spw/2020-07-01/,8.02239
317,254,Null,trendspek-data-europe-west/datasets/tuv-sud-cix5eefdf815d70c/dak-opmeting-oyckiq/2020-07-01/,2.86654
318,255,Null,trendspek-data-europe-west/datasets/tuv-sud-cix5eefdf815d70c/verkaveling-y69uri/2020-07-01/,8.67926
319,256,Null,trendspek-data-europe-west/datasets/tuv-sud-cix5eefdf815d70c/architect-mapping-kh2jzc/2020-07-01/,9.69848
320,257,Null,trendspek-data-sydney/datasets/douglas-partners-dec5e52faa2e97a2/jackup-barge-tiu1nb/2020-06-04/,1.99619
321,258,Null,trendspek-data-sydney/datasets/high-exposure-kls0ktz7t42ywf63/water-reservoir-bourkelands-pkvprn/2020-07-03/,19.0126
322,259,Null,trendspek-data-sydney/datasets/port-authority-of-new-south-whales-xdqsbv/white-bay-lt01-tower-cdvbor/2020-07-08/,5.30467
323,260,Null,trendspek-data-sydney/datasets/port-authority-of-new-south-whales-xdqsbv/white-bay-lt02-tower-qtjvnd/2020-07-08/,5.23233
324,261,Null,trendspek-data-sydney/datasets/port-authority-of-new-south-whales-xdqsbv/white-bay-lt03-tower-doryi4/2020-07-08/,5.5699
325,262,Null,trendspek-data-sydney/datasets/port-authority-of-new-south-wales-xdqsbv/white-bay-lt06-tower-c4tjn7/2020-07-08/,7.73999
326,263,Null,trendspek-data-sydney/datasets/port-authority-of-new-south-wales-xdqsbv/white-bay-lt04-tower-4o3fhy/2020-07-08/,8.51158
327,264,Null,trendspek-data-sydney/datasets/aerodyne-sux5de4d50189bdc/aerodyne-2qvsdn/2020-07-15/,2.69485
328,265,Null,trendspek-data-sydney/datasets/port-authority-of-new-south-wales-xdqsbv/white-bay-lt09-tower-bpt1fv/2020-07-08/,6.00392
329,266,Null,trendspek-data-sydney/datasets/port-authority-of-new-south-wales-xdqsbv/white-bay-lt10-tower-yehoe4/2020-07-08/,5.81102
330,267,Null,trendspek-data-sydney/datasets/port-authority-of-new-south-wales-xdqsbv/white-bay-lt11-tower-ag8vqr/2020-07-09/,7.30597
331,268,Null,trendspek-data-sydney/datasets/port-authority-of-new-south-whales-xdqsbv/white-bay-lt12-tower-iiqhzj/2020-07-08/,9.16261
332,269,Null,trendspek-data-sydney/datasets/port-authority-of-new-south-wales-xdqsbv/white-bay-lt05-tower-x6led6/2020-07-08/,6.05214
333,270,Null,trendspek-data-sydney/datasets/port-authority-of-new-south-wales-xdqsbv/white-bay-lt07-tower-ggtkht/2020-07-08/,5.93158
334,271,Null,trendspek-data-sydney/datasets/port-authority-of-new-south-wales-xdqsbv/white-bay-lt08-tower-gvd9l2/2020-07-08/,5.61813
335,272,Null,trendspek-data-sydney/datasets/port-authority-of-new-south-wales-xdqsbv/glebe-island-lt01-tower-b2edhl/2020-07-10/,6.60672
336,273,Null,trendspek-data-sydney/datasets/port-authority-of-new-south-wales-xdqsbv/glebe-island-lt07-tower-kwxt8m/2020-07-10/,6.72728
337,274,Null,trendspek-data-sydney/datasets/port-authority-of-new-south-wales-xdqsbv/glebe-island-lt09-tower-zbqugk/2020-07-09/,6.94429
338,275,Null,trendspek-data-sydney/datasets/port-authority-of-new-south-wales-xdqsbv/glebe-island-lt13-tower-zbfnyk/2020-07-10/,7.49887
339,276,Null,trendspek-data-sydney/datasets/port-authority-of-new-south-wales-xdqsbv/glebe-island-lt14-tower-7bmb6v/2020-07-10/,6.99252
340,277,Null,trendspek-data-sydney/datasets/port-authority-of-new-south-wales-xdqsbv/glebe-island-lt17-tower-b2jxx2/2020-07-10/,4.14729
341,278,Null,trendspek-data-sydney/datasets/port-authority-of-new-south-wales-xdqsbv/glebe-island-lt19-tower-ngqgco/2020-07-10/,4.87065
342,279,Null,trendspek-data-sydney/datasets/port-authority-of-new-south-wales-xdqsbv/glebe-island-lt18-tower-fpmkpb/2020-07-10/,4.5813
343,280,Null,trendspek-data-sydney/datasets/port-authority-of-new-south-wales-xdqsbv/glebe-island-lt16-tower-0c7r6k/2020-07-10/,4.3643
344,281,Null,trendspek-data-sydney/datasets/port-authority-of-new-south-wales-xdqsbv/glebe-island-lt06-tower-bhzhyw/2020-07-10/,6.24504
345,282,Null,trendspek-data-sydney/datasets/port-authority-of-new-south-wales-xdqsbv/glebe-island-lt08-tower-h4tps4/2020-07-10/,7.90878
346,283,Null,trendspek-data-sydney/datasets/port-authority-of-new-south-wales-xdqsbv/glebe-island-lt12-tower-s0wsar/2020-07-10/,6.3656
347,284,Null,trendspek-data-europe-west/datasets/eyefly-hpi5eb4cf3178744/spoorbrug-zaltbommel-spv8aq/2020-02-05/,756.775
348,285,Null,trendspek-data-sydney/datasets/douglas-partners-dec5e52faa2e97a2/skillion-xgwbqo/2020-07-20/,14.5884
349,286,Null,trendspek-data-europe-west/datasets/measure-it-irk5ee7843da6514/swl-074xt0/2020-07-09/,27.6072
350,287,Null,trendspek-data-sydney/datasets/motus-aerial-solutions-csu5ea9f32fd6fe7/roof-feb-coiyt2/2020-07-23/,2.27565
351,288,Null,trendspek-data-sydney/datasets/motus-aerial-solutions-csu5ea9f32fd6fe7/powerline-test-alambie-3-bljeqe/2020-07-24/,3.59313
352,289,Null,trendspek-data-sydney/datasets/aerial-drone-solutions-fgj5f1a85d92b239/water-tank-lhr7bf/2020-06-30/,29.5928
353,208,Null,trendspek-data-sydney/datasets/douglas-partners-dec5e52faa2e97a2/coulsons-grids-e0a80x/2020-07-21/,2.95061
356,290,Null,trendspek-data-sydney/datasets/motus-aerial-solutions-csu5ea9f32fd6fe7/golf-mqrjep/2020-06-28/,3.15397
357,291,Null,trendspek-data-sydney/datasets/motus-aerial-solutions-csu5ea9f32fd6fe7/rfs-nin9qx/2020-05-13/,1.81653
358,292,Null,trendspek-data-sydney/datasets/motus-aerial-solutions-csu5ea9f32fd6fe7/132-kv-vwjheo/2020-03-20/,1.83649
359,293,Null,trendspek-data-sydney/datasets/motus-aerial-solutions-csu5ea9f32fd6fe7/marine-site-1-3jyxjo/2020-05-11/,0.519008
360,294,Null,trendspek-data-sydney/datasets/motus-aerial-solutions-csu5ea9f32fd6fe7/marine-site-b-hfztlr/2020-05-11/,0.459123
361,295,Null,trendspek-data-sydney/datasets/motus-aerial-solutions-csu5ea9f32fd6fe7/boat-ramp-g21gfe/2020-05-13/,1.9363
362,296,Null,trendspek-data-sydney/datasets/motus-aerial-solutions-csu5ea9f32fd6fe7/oxford-falls-1-mgzyna/2020-04-14/,1.61691
363,297,Null,trendspek-data-sydney/datasets/dronology-dvo5ef96c0d6fed8/excelsior-shipwreck-6vfwqz/2020-06-23/,1.22069
364,298,Null,trendspek-data-sydney/datasets/seymour-whyte-owm5f18da5c5882e/cr2sm-nth-survey-july-2020-jvlnmp/2020-07-16/,32.2584
365,299,Null,trendspek-data-sydney/datasets/inpex-y8fv0p/a3ek-level-1-h4mut1/2020-06-26/,595.429
366,300,Null,trendspek-data-sydney/datasets/uavisuals-xwn5f03e7d5b989a/560-church-st-chimney-tower-7oejcr/2020-07-30/,23.6781
367,301,Null,trendspek-data-sydney/datasets/avian-uas-lkn5e69j77h8m47x/simon-and-co-old-flour-mill-8ip6px/2020-08-04/,3.57317
368,302,Null,trendspek-data-sydney/datasets/hoverscape-uuykan/seacliff-bridge-skydio-test-jvdsax/2020-08-04/,17.4473
369,303,Null,trendspek-data-sydney/datasets/dronology-dvo5ef96c0d6fed8/excelsior-shipwreck-v2-gdtchz/2020-06-23/,2.1208
370,304,Null,trendspek-data-sydney/datasets/avian-uas-lkn5e69j77h8m47x/volumetric-survey-6aq9xg/2020-08-05/,2.01615
371,305,Null,trendspek-data-sydney/datasets/sydney-trains-okq5de5c2c49bcbc/sydney-trains-penrith-fywcxj/2020-08-05/,13.3146
372,306,Null,trendspek-data-sydney/datasets/sydney-trains-okq5de5c2c49bcbc/sydney-trains-glenbrook-zwgkco/2020-08-05/,29.5236
373,307,Null,trendspek-data-sydney/datasets/sydney-trains-okq5de5c2c49bcbc/sydney-trains-route-pl8wjx/2020-08-05/,97.8929
374,308,Null,trendspek-data-sydney/datasets/uavisuals-xwn5f03e7d5b989a/560-church-st-chimney-m300-h20t-rgb-guogoo/2020-07-30/,3.88999
375,309,Null,trendspek-data-sydney/datasets/uavisuals-xwn5f03e7d5b989a/560-church-st-chimney-m200-x5s-12mm-qmb0wy/2020-07-30/,11.0705
376,310,Null,trendspek-data-sydney/datasets/uavisuals-xwn5f03e7d5b989a/560-church-st-chimney-mavic-2-pro-xs8wtf/2020-07-30/,10.5997
377,311,Null,trendspek-data-sydney/datasets/trendspek-oksedq/glenbrook-station-trendspek-edit-ktrv9i/2020-08-11/,29.5236
378,312,Null,trendspek-data-europe-west/datasets/visualspect-zfc5f324fdcd999e/cell-tower-trial-skfsxp/2020-08-11/,9.8301
379,313,Null,trendspek-data-europe-west/datasets/visualspect-zfc5f324fdcd999e/pont-st-nicolas-n4qicu/2020-08-11/,18.4359
380,314,Null,trendspek-data-sydney/datasets/high-exposure-kls0ktz7t42ywf63/parkan-pregan-bridge-wagga-p5pjrj/2020-08-13/,38.0782
381,288,Null,trendspek-data-sydney/datasets/motus-aerial-solutions-csu5ea9f32fd6fe7/powerline-test-alambie-3-bljeqe/2020-08-13/,3.0342
382,315,Null,trendspek-data-sydney/datasets/aecom-zud5f0559b0d53f4/east-hills-viaduct-external-nk1mrc/2020-08-13/,12.6
383,316,Null,trendspek-data-europe-west/datasets/visualspect-zfc5f324fdcd999e/point-st-thomas-kfyscs/2020-08-11/,28.0535
384,287,Null,trendspek-data-sydney/datasets/motus-aerial-solutions-csu5ea9f32fd6fe7/roof-feb-coiyt2/2020-08-13/,2.3555
386,318,Null,trendspek-data-sydney/datasets/aus-aerial-media-dxn5f31e351334ac/30-07-2020-north-cronulla-low-tide-10am-olxbr1/2020-07-30/,5.56936
387,319,Null,trendspek-data-sydney/datasets/aus-aerial-media-dxn5f31e351334ac/30-07-2020-elouera-low-tide-11am-zxoh09/2020-07-30/,10.3802
388,320,Null,trendspek-data-sydney/datasets/aus-aerial-media-dxn5f31e351334ac/2020-08-16-south-cronulla-map-high-tide-7am-2zsrlw/2020-08-16/,6.73713
389,321,Null,trendspek-data-sydney/datasets/aus-aerial-media-dxn5f31e351334ac/31-07-2020-north-cronulla-high-tide-5pm-hja47p/2020-07-31/,8.1867
390,322,Null,trendspek-data-sydney/datasets/aecom-zud5f0559b0d53f4/east-hills-viaduct-span-2-bt4bel/2020-07-20/,17.9
391,323,Null,trendspek-data-sydney/datasets/aecom-zud5f0559b0d53f4/east-hills-viaduct-span-3-5c332m/2020-07-20/,18.9
392,324,Null,trendspek-data-sydney/datasets/aecom-zud5f0559b0d53f4/east-hills-viaduct-span-4-ibomdo/2020-07-20/,19.7
393,325,Null,trendspek-data-sydney/datasets/aecom-zud5f0559b0d53f4/east-hills-viaduct-span-5-8h3qev/2020-07-20/,24.7
394,326,Null,trendspek-data-sydney/datasets/aecom-zud5f0559b0d53f4/east-hills-viaduct-span-8-tlsmiz/2020-07-06/,15.6
395,327,Null,trendspek-data-europe-west/datasets/phase-one-yot5ebe19c269b45/power-pylon-hg8odl/2020-08-17/,7.96068
396,328,Null,trendspek-data-sydney/datasets/applus-wkg5f3b4437ba881/west-dolphin-6twaxl/2020-07-25/,52.5697
397,329,Null,trendspek-data-europe-west/datasets/phase-one-yot5ebe19c269b45/tupholme-abbey-mssql9/2020-08-20/,50.9279
399,330,Null,trendspek-data-sydney/datasets/aecom-zud5f0559b0d53f4/east-hills-viaduct-span-1-internal-4cilkl/2020-07-20/,16.8
400,331,Null,trendspek-data-sydney/datasets/aecom-zud5f0559b0d53f4/east-hills-viaduct-span-6-0xa6e5/2020-07-20/,18
401,332,Null,trendspek-data-sydney/datasets/aecom-zud5f0559b0d53f4/east-hills-viaduct-span-7-gfogha/2020-07-06/,20.7
402,333,Null,trendspek-data-sydney/datasets/applus-wkg5f3b4437ba881/main-jetty-and-west-dolphin-8dcybl/2020-07-26/,217.2
403,334,Null,trendspek-data-europe-west/datasets/sopreco-mtusgj/carbone-savoie-lechere-vpmi2w/2020-08-27/,10.6
404,335,Null,trendspek-data-sydney/datasets/qfes-spg5f2788b88e4b8/lyons-test-3-4o4lqm/2020-08-14/,7.5
405,336,Null,trendspek-data-sydney/datasets/qfes-spg5f2788b88e4b8/lyons-test-1-riggry/2020-08-14/,1.1
406,337,Null,trendspek-data-sydney/datasets/qfes-spg5f2788b88e4b8/lyons-test-2-vypp3c/2020-08-14/,3.9
407,338,Null,trendspek-data-sydney/datasets/aus-aerial-media-dxn5f31e351334ac/10-barnes-crescent-menai-c3jw7c/2020-08-29/,2.4
408,339,Null,trendspek-data-sydney/datasets/avian-uas-lkn5e69j77h8m47x/dawson-st-ssj9q0/2020-08-31/,1.9
409,340,Null,trendspek-data-sydney/datasets/aus-aerial-media-dxn5f31e351334ac/mt-panorama-bathurst-dronedeploy-ouamk1/2020-08-28/,19.1
410,341,Null,trendspek-data-europe-west/datasets/trendspek-demo-datasets-hqy8jk/waverley-reservoir/2016-10-25/,3.0895
411,341,Null,trendspek-data-europe-west/datasets/trendspek-demo-datasets-hqy8jk/waverley-reservoir/2018-09-05/,17.409
412,341,Null,trendspek-data-europe-west/datasets/trendspek-demo-datasets-hqy8jk/waverley-reservoir/2020-01-29/,11.4673
413,342,Null,trendspek-data-europe-west/datasets/trendspek-demo-datasets-hqy8jk/opera-house-demo/2020-04-19/,35.1283
414,343,Null,trendspek-data-europe-west/datasets/trendspek-demo-datasets-hqy8jk/warrimoo-cell-tower-demo/2019-11-25/,9.35723
415,344,Null,trendspek-data-usa-west/datasets/trendspek-demo-datasets-hqy8jk/waverley-reservoir/2016-10-25/,3.0895
416,344,Null,trendspek-data-usa-west/datasets/trendspek-demo-datasets-hqy8jk/waverley-reservoir/2018-09-05/,17.409
417,344,Null,trendspek-data-usa-west/datasets/trendspek-demo-datasets-hqy8jk/waverley-reservoir/2020-01-29/,11.4673
418,345,Null,trendspek-data-usa-west/datasets/trendspek-demo-datasets-hqy8jk/opera-house-demo/2020-04-19/,35.1283
419,346,Null,trendspek-data-usa-west/datasets/trendspek-demo-datasets-hqy8jk/warrimoo-cell-tower-demo/2019-11-25/,9.35723
420,347,Null,trendspek-data-sydney/datasets/trendspek-demo-datasets-hqy8jk/tupholme-abbey-mssql9/2020-08-20/,50.9279
421,348,Null,trendspek-data-sydney/datasets/trendspek-demo-datasets-hqy8jk/newkensington-church-20200408-yexmkg/2020-04-08/,6.98957
422,349,Null,trendspek-data-europe-west/datasets/sopreco-mtusgj/demo-granit-quarry-whghvj/2019-01-14/,6.5
423,350,Null,trendspek-data-sydney/datasets/skyview-drones-australia-fhn5f465d336ab15/chimney-pl1in3/2020-08-28/,4.6
424,351,Null,trendspek-data-sydney/datasets/motus-aerial-solutions-csu5ea9f32fd6fe7/powerline-trial-iiw75g/2020-08-19/,12.7
425,352,Null,trendspek-data-europe-west/datasets/london-fire-brigade-cto5f2a8670c966e/copped-hall-enpvj4/2020-09-13/,4.6
426,353,Null,trendspek-data-sydney/datasets/applus-wkg5f3b4437ba881/gpc-barney-point-wharf-gej4cr/2020-07-28/,606.3
427,354,Null,trendspek-data-sydney/datasets/avian-uas-lkn5e69j77h8m47x/540-springvale-road-clojde/2020-09-08/,11
428,355,Null,trendspek-data-usa-west/datasets/droneevolution-mla5efae802e8afd/vf59355-umxh9m/2020-09-09/,1.6
429,356,Null,trendspek-data-sydney/datasets/aus-aerial-media-dxn5f31e351334ac/155-kiora-rd-miranda-mqzwdt/2020-09-11/,3.3
430,357,Null,trendspek-data-usa-west/datasets/droneevolution-mla5efae802e8afd/5843vf-r2zshh/2020-09-15/,2.6
431,358,Null,trendspek-data-usa-west/datasets/air-data-solutions-wys5f451d773fba5/natchitoches-water-tower-rbxhpw/2020-09-15/,7.9
432,359,Null,trendspek-data-europe-west/datasets/london-fire-brigade-cto5f2a8670c966e/copped-hall-v2-aiczjw/2020-09-18/,28.1
433,360,Null,trendspek-data-sydney/datasets/applus-wkg5f3b4437ba881/bb10-erosion-sample-suj5ph/2020-06-22/,7.9
434,361,Null,trendspek-data-sydney/datasets/applus-wkg5f3b4437ba881/freo-chimney-lxo6q8/2019-11-06/,17.6
435,362,Null,trendspek-data-europe-west/datasets/droneevolution-mla5efae802e8afd/cider-mills-cqf8vt/2020-09-19/,5.3
436,363,Null,trendspek-data-sydney/datasets/applus-wkg5f3b4437ba881/phone-tower-fryvzu/2020-09-23/,16.8
437,364,Null,trendspek-data-sydney/datasets/uavisuals-xwn5f03e7d5b989a/560-church-st-chimney-m300-thermal-jkzwvh/2020-07-30/,0.06
438,365,Null,trendspek-data-europe-west/datasets/sopreco-mtusgj/telepherique-de-huy-ptoudu/2020-09-12/,29.2
439,366,Null,trendspek-data-sydney/datasets/aus-aerial-media-dxn5f31e351334ac/mt-panorama-bathurst-dji-gs-pro-28th-august-2020-dkbn7l/2020-08-28/,26.9285
440,367,Null,trendspek-data-sydney/datasets/aus-aerial-media-dxn5f31e351334ac/north-cronulla-map-2-high-tide-7am-vjbowk/2020-09-02/,4.63177
441,368,Null,trendspek-data-sydney/datasets/motus-aerial-solutions-csu5ea9f32fd6fe7/power-line-trial-6-klane0/2020-08-21/,3.59313
442,369,Null,trendspek-data-sydney/datasets/motus-aerial-solutions-csu5ea9f32fd6fe7/power-line-trial-2-u1lbj3/2020-08-21/,2.03611
443,370,Null,trendspek-data-sydney/datasets/highsnaps-yhn7f89j77h8m09j/westfield-mt-druitt-zone-1-ubnsyk/2019-06-19/,4.05226
444,371,Null,trendspek-data-sydney/datasets/trendspek-oksedq/waverley-reservoir-skyline-compare-uf7dxi/2020-01-29/,9.33679
445,371,Null,trendspek-data-sydney/datasets/trendspek-oksedq/waverley-reservoir-skyline-compare-uf7dxi/2020-01-29/,9.33679
446,372,Null,trendspek-data-europe-west/datasets/eyefly-hpi5eb4cf3178744/eikenstein-zeist-rhdhv-6jjavo/2020-09-16/,185.545
448,373,Null,trendspek-data-sydney/datasets/applus-wkg5f3b4437ba881/cl05-nose-station-and-wing-hmumbh/2020-01-17/,2.736
449,374,Null,trendspek-data-sydney/datasets/hoverscape-uuykan/mt-piper-cooling-tower-2-hno1ao/2020-10-06/,65.8493
450,375,Null,trendspek-data-usa-west/datasets/eye-bot-aerial-solutions-pfnaqk/lindwoodfarm-e7xag1/2020-09-17/,41.9075
451,376,Null,trendspek-data-sydney/datasets/towerana-pty-ltd-naf5f7eec360d84c/bribie-island-kkfdt6/2020-10-12/,9.72142
453,378,Null,trendspek-data-sydney/datasets/avcrm-wsj5ece73ad490b9/crash-scene-test-rzquta/2020-10-09/,0.789135
454,379,Null,trendspek-data-sydney/datasets/towerana-pty-ltd-naf5f7eec360d84c/oceanside-97hopz/2020-10-12/,9.80127
455,380,Null,trendspek-data-sydney/datasets/towerana-pty-ltd-naf5f7eec360d84c/whiptale-tower-pj17ia/2020-10-13/,4.39161
456,381,Null,trendspek-data-europe-west/datasets/euro-drone-inspections-bv-dwe5f4516c1652cb/tank-043-test-2-ufw3xn/2020-10-13/,6.0992
457,382,Null,trendspek-data-sydney/datasets/ghd-bxe8ah/lowood-k0vuhu/2020-10-14/,24.7527
458,383,Null,trendspek-data-sydney/datasets/sydney-trains-okq5de5c2c49bcbc/broadmeadow-heritage-site-u0o5er/2020-10-15/,15.2242
459,384,Null,trendspek-data-sydney/datasets/high-exposure-kls0ktz7t42ywf63/sao-tower-bakerhouse-quarter-strathfield-weupvh/2020-10-15/,38.3268
460,385,Null,trendspek-data-europe-west/datasets/euro-drone-inspections-bv-dwe5f4516c1652cb/evos-0s4kqj/2020-10-17/,17.3994
461,386,Null,trendspek-data-europe-west/datasets/puffin-technology-lvf5f8cccc72e1d5/suez-liw4tc/2020-09-24/,3.59313
462,387,Null,trendspek-data-europe-west/datasets/puffin-technology-lvf5f8cccc72e1d5/bag-house-west-rkupte/2020-09-01/,4.41157
463,388,Null,trendspek-data-europe-west/datasets/puffin-technology-lvf5f8cccc72e1d5/crane-3-eyvo94/2020-08-06/,7.80509
464,389,Null,trendspek-data-europe-west/datasets/puffin-technology-lvf5f8cccc72e1d5/development-area-gnxkyg/2020-09-01/,14.7258
465,390,Null,trendspek-data-europe-west/datasets/puffin-technology-lvf5f8cccc72e1d5/distillery-a6cksv/2020-02-25/,12.6394
466,391,Null,trendspek-data-europe-west/datasets/visualspect-zfc5f324fdcd999e/sample-anchor-point-dpp5u1/2020-10-29/,7.50566
467,392,Null,trendspek-data-sydney/datasets/towerana-pty-ltd-naf5f7eec360d84c/whiptale2-2b9ns7/2020-10-28/,16.6681
468,393,Null,trendspek-data-sydney/datasets/hoverscape-uuykan/dicker-data-stockpiles-yysc6g/2020-10-29/,2.52741
469,394,Null,trendspek-data-europe-west/datasets/trendspek-demo-datasets-hqy8jk/glenbrook-station-trendspek-edit-ktrv9i/2020-08-11/,29.5236
470,395,Null,trendspek-data-europe-west/datasets/puffin-technology-lvf5f8cccc72e1d5/gpp-v8ykdw/2020-11-05/,10.9699
471,396,Null,trendspek-data-europe-west/datasets/eyefly-hpi5eb4cf3178744/ws-voorschoterlaan-1-ya0iwx/2019-12-18/,36.8437
472,397,Null,trendspek-data-europe-west/datasets/eyefly-hpi5eb4cf3178744/ws-voorschoterlaan-2-rdbcb5/2019-12-18/,43.4776
473,398,Null,trendspek-data-europe-west/datasets/eyefly-hpi5eb4cf3178744/ws-paulus-potterstraat-2-dv54az/2019-12-18/,47.9682
474,399,Null,trendspek-data-europe-west/datasets/eyefly-hpi5eb4cf3178744/ws-lambertusstraat-2-cvx4kn/2019-12-18/,34.5983
475,400,Null,trendspek-data-europe-west/datasets/eyefly-hpi5eb4cf3178744/ws-lambertusstraat-1-yzxkbe/2019-12-18/,82.9748
476,401,Null,trendspek-data-europe-west/datasets/smart-drones-solutions-bak5fa877c52d429/telecom-tower-mb6ule/2020-11-09/,4.77088
477,402,Null,trendspek-data-europe-west/datasets/eyefly-hpi5eb4cf3178744/ws-waterloostraat-2-5tydqg/2019-12-18/,100.121
478,403,Null,trendspek-data-europe-west/datasets/eyefly-hpi5eb4cf3178744/ws-waterloostraat-1-mxjfft/2019-12-18/,26.2294
479,404,Null,trendspek-data-europe-west/datasets/eyefly-hpi5eb4cf3178744/ws-dijkstraaat-tiav0r/2019-12-18/,365.375
480,405,Null,trendspek-data-europe-west/datasets/eyefly-hpi5eb4cf3178744/ws-assendelftstraat-hkzhhu/2019-12-18/,186.464
481,406,Null,trendspek-data-europe-west/datasets/eyefly-hpi5eb4cf3178744/ws-jeruzalemstraat-1ved6k/2019-12-18/,37.9663
482,407,Null,trendspek-data-europe-west/datasets/eyefly-hpi5eb4cf3178744/ws-oosteinde-biqofx/2019-12-18/,208.713
483,408,Null,trendspek-data-europe-west/datasets/puffin-technology-lvf5f8cccc72e1d5/plastic-line-8zlgy5/2020-11-05/,7.44128
484,409,Null,trendspek-data-europe-west/datasets/eyefly-hpi5eb4cf3178744/ws-paulus-potterstraat-1-rdtihq/2019-12-18/,136.658
485,410,Null,trendspek-data-europe-west/datasets/eyefly-hpi5eb4cf3178744/ws-speelmanstraat-kwob9b/2019-12-18/,216.418
486,411,Null,trendspek-data-europe-west/datasets/ai-survey-vui5edc64bc339a7/strabag-rail-trqovx/2020-11-09/,175.441
487,412,Null,trendspek-data-europe-west/datasets/puffin-technology-lvf5f8cccc72e1d5/shredder-in-ubc-hmev8t/2020-11-12/,7.8454
488,413,Null,trendspek-data-europe-west/datasets/aeroprotechnik-d1cyf0uwcti6s5j4/house-ctytpp/2020-11-17/,6.56745
489,414,Null,trendspek-data-europe-west/datasets/ai-survey-vui5edc64bc339a7/toiture-la-visitation-0otbpj/2020-11-04/,6.08837
490,415,Null,trendspek-data-sydney/datasets/hoverscape-uuykan/warrimoo-mavic-mini-capture-fsknji/2020-11-20/,4.536
491,416,Null,trendspek-data-usa-west/datasets/eye-bot-aerial-solutions-pfnaqk/newhaven-20201014-yiiwy4/2020-10-14/,191.52
492,417,Null,trendspek-data-europe-west/datasets/aeroprotechnik-d1cyf0uwcti6s5j4/silo-pre-processed-pbswjl/2020-11-27/,24.5531
493,418,Null,trendspek-data-europe-west/datasets/puffin-technology-lvf5f8cccc72e1d5/gskbuilding3try2-3defjg/2020-11-25/,18.08
494,419,Null,trendspek-data-europe-west/datasets/puffin-technology-lvf5f8cccc72e1d5/plastic-line-new-xgbl8m/2020-11-19/,13.4985
495,420,Null,trendspek-data-sydney/datasets/land-surveys-xfk5fb481decc152/land-surveys-communication-tower-c2c5jd/2020-11-24/,34.495
496,421,Null,trendspek-data-sydney/datasets/ghd-bxe8ah/tiwai-iujlam/2020-11-30/,54.3353
497,422,Null,trendspek-data-europe-west/datasets/smart-drones-solutions-bak5fa877c52d429/tower-test-2-with-co-ordinates-k3cada/2020-12-01/,18.5046
498,423,Null,trendspek-data-sydney/datasets/hoverscape-uuykan/lighthouse-reserve-cliff-inspection-zkq4zi/2020-12-03/,13.4063
499,424,Null,trendspek-data-europe-west/datasets/eyefly-hpi5eb4cf3178744/vestia-transvaalstraat-y7aezq/2020-12-01/,218.715
500,425,Null,trendspek-data-sydney/datasets/applus-wkg5f3b4437ba881/santos-pb-tank-site-survey-id3sxa/2020-12-09/,81.3536
501,426,Null,trendspek-data-sydney/datasets/sydney-trains-okq5de5c2c49bcbc/concord-west-d1gdp8/2020-12-10/,7.25724
502,427,Null,trendspek-data-sydney/datasets/applus-wkg5f3b4437ba881/santos-pb-piprack-sample-7jra9h/2020-12-10/,61.0604
503,428,Null,trendspek-data-sydney/datasets/applus-wkg5f3b4437ba881/jetty-west-dolphin-8yqzbd/2020-12-09/,47.1502
504,429,Null,trendspek-data-sydney/datasets/sydney-trains-okq5de5c2c49bcbc/oatley-2-poe4as/2020-12-14/,21.4169
505,430,Null,trendspek-data-sydney/datasets/applus-wkg5f3b4437ba881/santos-pb-tank-6b-j3zuox/2020-12-11/,166.682
506,431,Null,trendspek-data-sydney/datasets/6-keys-aerial-amh5fd2e3950a19e/narre-warren-cphidf/2020-12-14/,6.82695
507,432,Null,trendspek-data-europe-west/datasets/calm-solutions-bkl5fd881b7a7967/moss-dalts-h8xons/2020-12-16/,13.3043
508,433,Null,trendspek-data-sydney/datasets/remsense-fio5fd00126d5af7/sinbad-09-n9gdis/2020-12-15/,3.65949
509,434,Null,trendspek-data-sydney/datasets/droneit-group-tnx5de4a874a0c05/21-johnston-street-uqzxlb/2020-12-16/,1.86311
510,435,Null,trendspek-data-europe-west/datasets/aeromotus-wks5f5de2dc0425e/test-area-p1-1l5bkj/2020-12-18/,10.5559
511,436,Null,trendspek-data-sydney/datasets/remsense-fio5fd00126d5af7/sewer-vent-ufauzq/2020-12-18/,16.9553
513,438,Null,trendspek-data-europe-west/datasets/sopreco-mtusgj/centrale-de-blenod-jpdijq/2020-12-10/,10.999
514,439,Null,trendspek-data-sydney/datasets/trendspek-demo-datasets-hqy8jk/internal-bridge-span-hhi30o/2020-12-16/,18.336
515,440,Null,trendspek-data-sydney/datasets/droneit-group-tnx5de4a874a0c05/vertical-test-heghim/2020-12-19/,1.14
516,441,Null,trendspek-data-sydney/datasets/sydney-trains-okq5de5c2c49bcbc/quarry-2-sdhhlb/2020-12-26/,36.2507
517,442,Null,trendspek-data-europe-west/datasets/instadrone-xvz5fe97d02e8e6e/pylone-beziers-wb7gvl/2020-12-28/,4.11214
518,443,Null,trendspek-data-europe-west/datasets/instadrone-xvz5fe97d02e8e6e/pouzolles-tower-d6hj4m/2020-12-29/,5.52943
520,471,Null,trendspek-data-europe-west/datasets/eyefly-hpi5eb4cf3178744/48f-110-postbrug-1m47kf/2020-12-16/,176.87
521,445,Null,trendspek-data-europe-west/datasets/eyefly-hpi5eb4cf3178744/48f-110-postbrug-1m47kf/2020-12-16/,176.87
522,445,Null,trendspek-data-europe-west/datasets/eyefly-hpi5eb4cf3178744/48f-110-postbrug-1m47kf/2020-12-16/,176.87
523,446,Null,trendspek-data-sydney/datasets/6-keys-aerial-amh5fd2e3950a19e/lawnton-1-may-2020-ef584u/2020-05-01/,4.75536
525,448,Null,trendspek-data-europe-west/datasets/eyefly-hpi5eb4cf3178744/49b-100-tholensebrug-o3ma3m/2020-12-16/,253.211
526,449,Null,trendspek-data-europe-west/datasets/eyefly-hpi5eb4cf3178744/49d-103-schelderijnbrug-bath-en-49d-112-spuikanaalbrug-bath-hijeww/2020-12-15/,102.774
527,450,Null,trendspek-data-europe-west/datasets/eyefly-hpi5eb4cf3178744/korte-nieuwstraat-161-179-zerada/2021-01-06/,56.8474
528,451,Null,trendspek-data-sydney/datasets/6-keys-aerial-amh5fd2e3950a19e/vgl-impex-roof-e3oqt9/2021-01-09/,0.758551
529,452,Null,trendspek-data-europe-west/datasets/eyefly-hpi5eb4cf3178744/49d-001-03-kreekrakbrug-en-49d-110-spuikanaalbrug-vi8qib/2020-12-17/,102.366
530,453,Null,trendspek-data-sydney/datasets/asset-excellence-rlk5fb74ef166982/happy-valley-fi-post-fires-93tfve/2021-01-11/,25.6198
531,454,Null,trendspek-data-europe-west/datasets/visualspect-zfc5f324fdcd999e/pont-du-corbeau-0jewbn/2020-12-28/,28.0771
532,438,Null,trendspek-data-europe-west/datasets/sopreco-mtusgj/centrale-de-blenod-jpdijq/2020-12-11/,12.9552
533,455,Null,trendspek-data-europe-west/datasets/visualspect-zfc5f324fdcd999e/pont-saint-etienne-hwv4kp/2020-12-29/,24.0113
534,456,Null,trendspek-data-sydney/datasets/hoverscape-uuykan/6-amaroo-park-drive-annangrove-nsw-egwfj5/2021-01-12/,17.4813
535,457,Null,trendspek-data-sydney/datasets/surf-lifesaving-nsw-ukf5ffe77378a371/slsnsw-office-belrose-bwfanm/2020-11-02/,0.998749
536,458,Null,trendspek-data-europe-west/datasets/eyefly-hpi5eb4cf3178744/korte-nieuwstraat-161-179-zerada/2021-01-06/,56.8474
537,459,Null,trendspek-data-europe-west/datasets/eyefly-hpi5eb4cf3178744/43d-101-vossemeerbrug-zvkjmx/2020-12-15/,158.601
538,460,Null,trendspek-data-sydney/datasets/sydney-trains-okq5de5c2c49bcbc/ashfield-embankment-ylb6vk/2021-01-17/,12.7046
539,387,Null,trendspek-data-europe-west/datasets/puffin-technology-lvf5f8cccc72e1d5/bag-house-west-rkupte/2021-01-17/,20.1984
540,461,Null,trendspek-data-sydney/datasets/hoverscape-uuykan/john-mophett-pl-erskine-park-bqiotf/2021-01-15/,22.9547
541,462,Null,trendspek-data-sydney/datasets/avcrm-wsj5ece73ad490b9/wide-gvjhoj/2021-01-19/,1.82488
542,463,Null,trendspek-data-sydney/datasets/trendspek-demo-datasets-hqy8jk/mahoning-dam-xk0ixz/2017-07-16/,14.9514
543,452,Null,trendspek-data-europe-west/datasets/eyefly-hpi5eb4cf3178744/49d-001-03-kreekrakbrug-en-49d-110-spuikanaalbrug-vi8qib/2020-12-16/,272.194
544,464,Null,trendspek-data-europe-west/datasets/sopreco-mtusgj/cerdia-g1q2ik/2021-01-18/,21.5189
545,448,Null,trendspek-data-europe-west/datasets/eyefly-hpi5eb4cf3178744/49b-100-tholensebrug-o3ma3m/2020-12-16/,304.955
701,465,Null,trendspek-data-europe-west/datasets/visualspect-zfc5f324fdcd999e/pont-royal-evrs4l/2020-12-31/,39.4149
702,456,Null,trendspek-data-sydney/datasets/hoverscape-uuykan/6-amaroo-park-drive-annangrove-nsw-egwfj5/2021-01-19/,16.782
703,466,Null,trendspek-data-sydney/datasets/hoverscape-uuykan/114-hassall-st-wetherill-park-tt6znr/2021-01-20/,23.2682
704,467,Null,trendspek-data-sydney/datasets/fulcrum-cs-xcr600630b7b9426/ridgeway-reservoir-eyy2et/2021-01-22/,18.2052
705,468,Null,trendspek-data-europe-west/datasets/auterion-j5nof8/st-gallen-astro-a7r-6s7rdv/2020-12-17/,8.37021
706,469,Null,trendspek-data-europe-west/datasets/auterion-j5nof8/maschwanden-rz13q1/2020-09-08/,2.83022
707,459,Null,trendspek-data-europe-west/datasets/eyefly-hpi5eb4cf3178744/43d-101-vossemeerbrug-zvkjmx/2020-12-16/,279.849
708,470,Null,trendspek-data-sydney/datasets/trendspek-oksedq/skydio-bridge-demo-ohkgbb/2021-01-23/,4.29092
709,467,Null,trendspek-data-sydney/datasets/fulcrum-cs-xcr600630b7b9426/ridgeway-reservoir-eyy2et/2021-01-22/,0.0445645
710,449,Null,trendspek-data-europe-west/datasets/eyefly-hpi5eb4cf3178744/49d-103-schelderijnbrug-bath-en-49d-112-spuikanaalbrug-bath-hijeww/2020-12-16/,265.254
711,387,Null,trendspek-data-europe-west/datasets/puffin-technology-lvf5f8cccc72e1d5/bag-house-west-rkupte/2021-01-25/,26.6945
712,472,Null,trendspek-data-sydney/datasets/remsense-fio5fd00126d5af7/5156-bwr7-pi73et/2021-01-27/,2.85874
5379,473,Null,trendspek-data-sydney/datasets/asset-excellence-rlk5fb74ef166982/jq-a320-gapiul/2021-01-30/,5.364
5380,444,Null,trendspek-data-europe-west/datasets/eyefly-hpi5eb4cf3178744/43d-100-slaakbrug-kmyblp/2020-12-15/,58.2763
5381,444,Null,trendspek-data-europe-west/datasets/eyefly-hpi5eb4cf3178744/43d-100-slaakbrug-kmyblp/2020-12-16/,127.983
5382,437,Null,trendspek-data-europe-west/datasets/eyefly-hpi5eb4cf3178744/48f-109-vlakebrug-0fwboe/2020-12-15/,87.5675
5383,437,Null,trendspek-data-europe-west/datasets/eyefly-hpi5eb4cf3178744/48f-109-vlakebrug-0fwboe/2020-12-16/,194.118
5384,447,Null,trendspek-data-europe-west/datasets/eyefly-hpi5eb4cf3178744/49d-113-leidingenbrug-nkoyev/2020-12-15/,32.6592
5385,447,Null,trendspek-data-europe-west/datasets/eyefly-hpi5eb4cf3178744/49d-113-leidingenbrug-nkoyev/2020-12-16/,78.6883
5386,474,Null,trendspek-data-europe-west/datasets/auterion-j5nof8/lte-antenna-in-simulation-z5jzkq/2021-01-29/,0.129019
5387,475,Null,trendspek-data-sydney/datasets/remsense-fio5fd00126d5af7/osborne-park-roof-u2lftj/2019-12-03/,17.7145
5388,476,Null,trendspek-data-sydney/datasets/motus-aerial-solutions-csu5ea9f32fd6fe7/210201-pp1-888led/2021-02-01/,2.43535
5389,477,Null,trendspek-data-sydney/datasets/monadelphous-quo6019d794b03e5/old-rail-60m-i6q90e/2020-10-16/,1.21767
5390,478,Null,trendspek-data-sydney/datasets/monadelphous-quo6019d794b03e5/cutting-xfprga/2021-02-03/,4.27184
5391,479,Null,trendspek-data-sydney/datasets/monadelphous-quo6019d794b03e5/planter-box-c6ygb2/2021-02-04/,0.27095
5392,480,Null,trendspek-data-europe-west/datasets/eyefly-hpi5eb4cf3178744/rw113-promenade-1-104-jdbvqs/2021-02-03/,91.6499
5393,481,Null,trendspek-data-europe-west/datasets/eyefly-hpi5eb4cf3178744/rw116-doctor-jm-den-uylboulevard-1-84-epytds/2021-02-03/,91.7519
5394,482,Null,trendspek-data-sydney/datasets/fulcrum-cs-xcr600630b7b9426/mill-creek-dam-evp7g3/2021-02-11/,12.2078
5395,483,Null,trendspek-data-sydney/datasets/air-inspect-australia-amh5fd2e3950a19e/commercial-bld-sunshine-coast-cr1h9r/2021-01-09/,1.28234
5396,484,Null,trendspek-data-sydney/datasets/tamashii-direct-pty-ltd-ilz6024c0951ced6/coogee-stack-svzsx5/2021-02-11/,0.96
5397,485,Null,trendspek-data-europe-west/datasets/hysurv-ymu5fe0018f094a8/so-000-312-15-westfield-road-8xc7vg/2021-02-11/,10.2804
5398,486,Null,trendspek-data-sydney/datasets/applus-wkg5f3b4437ba881/cbh-forrestfield-zifbig/2021-01-22/,430.253
5399,487,Null,trendspek-data-sydney/datasets/trendspek-oksedq/mill-creek-dam-test-datasets-b6ed8j/2021-02-16/,12.2255
5400,487,Null,trendspek-data-sydney/datasets/trendspek-oksedq/mill-creek-dam-test-datasets-b6ed8j/2021-02-16/,12.2255
5401,488,Null,trendspek-data-sydney/datasets/trendspek-oksedq/processing-software-evaluation-ryyyiu/2021-02-17/,0
5402,488,Null,trendspek-data-sydney/datasets/trendspek-oksedq/processing-software-evaluation-ryyyiu/2021-02-17/,0
5403,488,Null,trendspek-data-sydney/datasets/trendspek-oksedq/processing-software-evaluation-ryyyiu/2021-02-17/,0
5404,489,Null,trendspek-data-sydney/datasets/hoverscape-uuykan/hassal-st-m2p-capture-7tq73y/2021-02-09/,10.4401
5405,490,Null,trendspek-data-sydney/datasets/cardno-yrd5f6836584e8d6/timeball-tower-t4i3qv/2021-02-12/,6.79962
5406,488,Null,trendspek-data-sydney/datasets/trendspek-oksedq/processing-software-evaluation-ryyyiu/2021-02-17/,0
5407,491,Null,trendspek-data-europe-west/datasets/birdpilot-jik5f19892a5006a/test-lng-ucmi3b/2021-02-16/,17.1
5408,492,Null,trendspek-data-sydney/datasets/thelem-consulting-hhu6023680793bac/white-bay-power-station-0tlp96/2021-02-10/,138.894
5409,493,Null,trendspek-data-sydney/datasets/tamashii-direct-pty-ltd-ilz6024c0951ced6/karrinyup-water-tank-xfojyn/2021-02-17/,1.824
5410,494,Null,trendspek-data-sydney/datasets/tamashii-direct-pty-ltd-ilz6024c0951ced6/ocean-reef-telco-tower-ldcwjk/2021-02-17/,2.172
5411,482,Null,trendspek-data-sydney/datasets/fulcrum-cs-xcr600630b7b9426/mill-creek-dam-evp7g3/2021-02-18/,0.0534118
5412,495,Null,trendspek-data-sydney/datasets/remsense-fio5fd00126d5af7/bulong-test-w2bslp/2021-02-15/,15.672
5413,496,Null,trendspek-data-sydney/datasets/trendspek-oksedq/santos-tank-compare-rirp8g/2021-02-20/,0
5414,497,Null,trendspek-data-sydney/datasets/avcrm-wsj5ece73ad490b9/do-not-use-without-permission-2-wjcqfw/2020-06-10/,4.2918
5415,498,Null,trendspek-data-europe-west/datasets/eyefly-hpi5eb4cf3178744/rw113-promenade-1-104-jdbvqs/2021-02-03/,91.6499
5416,499,Null,trendspek-data-europe-west/datasets/eyefly-hpi5eb4cf3178744/rw116-doctor-jm-den-uylboulevard-1-84-epytds/2021-02-03/,91.7519
5417,500,Null,trendspek-data-sydney/datasets/fulcrum-cs-xcr600630b7b9426/riverton-reservoir-rhdrtz/2021-02-18/,6.29907
5418,501,Null,trendspek-data-sydney/datasets/pgim-cxb601bdcb26e4ed/40-york-st-facade-03petu/2021-02-20/,13.7737
5419,502,Null,trendspek-data-usa-west/datasets/eye-bot-aerial-solutions-pfnaqk/bp-beachfield-20210127-s4xf7p/2021-01-27/,102.604
5420,502,Null,trendspek-data-usa-west/datasets/eye-bot-aerial-solutions-pfnaqk/bp-beachfield-20210127-s4xf7p/2021-01-26/,0
5421,503,Null,trendspek-data-sydney/datasets/remsense-fio5fd00126d5af7/acept-a7r-ld2uy5/2021-02-26/,5.44089
5422,504,Null,trendspek-data-sydney/datasets/air-inspect-australia-amh5fd2e3950a19e/resiedntial-roof-test-8-ferny-close-fsyz0l/2021-02-27/,9.58169
5423,505,Null,trendspek-data-sydney/datasets/air-inspect-australia-amh5fd2e3950a19e/commercial-roof-test-procheck-automotive-imgck4/2021-02-28/,5.53609
5424,506,Null,trendspek-data-sydney/datasets/d2-drones-ysc5f92492e21711/117-119-gregory-terrace-spring-hill-qld-4000-jp8jk8/2021-02-27/,3.1939
5425,507,Null,trendspek-data-sydney/datasets/globaltechserve-marine-sdn-bhd-zdb5fb3694d6d07f/malayan-flour-mill-zimfeu/2021-03-01/,4.45122
5426,508,Null,trendspek-data-sydney/datasets/cardno-yrd5f6836584e8d6/red-beacon-andmh6/2021-02-24/,8.80093
5427,509,Null,trendspek-data-sydney/datasets/globaltechserve-marine-sdn-bhd-zdb5fb3694d6d07f/jksb-toll-arc-6y7xqn/2021-03-01/,2.79896
5428,510,Null,trendspek-data-sydney/datasets/ventia-wqe5f44b3fd87830/fiskville-test-upload-nflqfd/2021-03-01/,0.576
5429,511,Null,trendspek-data-sydney/datasets/cardno-yrd5f6836584e8d6/fawkner-beacon-6yz2jq/2021-02-24/,8.72859
5430,512,Null,trendspek-data-sydney/datasets/air-inspect-australia-amh5fd2e3950a19e/jbi-trail-haymans-electrical-c9bg3h/2021-03-03/,2.64384
5431,513,Null,trendspek-data-sydney/datasets/air-inspect-australia-amh5fd2e3950a19e/jbi-trail-fort-knox-r93ibw/2021-03-03/,3.72621
5432,514,Null,trendspek-data-sydney/datasets/drone-hire-adelaide-mbd5eead6fa88a57/silo-test-7hiaai/2021-03-04/,2.19954
5433,515,Null,trendspek-data-europe-west/datasets/consortiq-uk-gyb5fb382e54d3da/petroc-barnstaple-d0zsmz/2020-10-24/,21.7491
5434,516,Null,trendspek-data-europe-west/datasets/consortiq-uk-gyb5fb382e54d3da/dovecote-2-no-dslr-test-hbzowl/2021-03-04/,4.09906
5435,517,Null,trendspek-data-europe-west/datasets/consortiq-uk-gyb5fb382e54d3da/dovecote-2-xbgt6y/2021-03-04/,4.46534
5436,518,Null,trendspek-data-sydney/datasets/ansvar-insurance-ace5ffe6964a2df7/sir-william-hudson-memorial-centre-nursing-home-vgpaqa/2020-12-02/,34.6737
5437,519,Null,trendspek-data-sydney/datasets/applus-wkg5f3b4437ba881/santos-pb-hot-oil-heaters-h-01-1501-a-and-b-ztwe8x/2021-03-06/,161.021
5438,428,Null,trendspek-data-sydney/datasets/applus-wkg5f3b4437ba881/jetty-west-dolphin-8yqzbd/2021-03-05/,61.0604
5439,520,Null,trendspek-data-sydney/datasets/air-inspect-australia-amh5fd2e3950a19e/jbi-test-knox-edited-qqwrun/2021-03-04/,3.99237
5440,521,Null,trendspek-data-europe-west/datasets/consortiq-uk-gyb5fb382e54d3da/tank1-t301-bb9ebk/2021-03-09/,6.79962
5441,522,Null,trendspek-data-sydney/datasets/applus-wkg5f3b4437ba881/santos-pb-east-dolphin-7frfnk/2021-03-05/,49.4384
5442,523,Null,trendspek-data-europe-west/datasets/consortiq-uk-gyb5fb382e54d3da/tank2-t352-r2x2lw/2021-03-09/,66.2119
5443,482,Null,trendspek-data-sydney/datasets/fulcrum-cs-xcr600630b7b9426/mill-creek-dam-evp7g3/2019-12-19/,5.28767
5444,524,Null,trendspek-data-sydney/datasets/air-inspect-australia-amh5fd2e3950a19e/8-ferny-2-dh-test-mble8g/2021-03-15/,1.17421
5445,525,Null,trendspek-data-europe-west/datasets/consortiq-uk-gyb5fb382e54d3da/jetty10-all-vzlq5e/2021-03-08/,41.535
5446,526,Null,trendspek-data-europe-west/datasets/calm-solutions-bkl5fd881b7a7967/stainburn-tl5w6l/2021-01-22/,11.5164
5447,527,Null,trendspek-data-europe-west/datasets/calm-solutions-bkl5fd881b7a7967/wilton-cjqgzw/2021-03-15/,31.5038
5448,528,Null,trendspek-data-sydney/datasets/structural-technologies-roz6049fc3fc4e2a/chimney-test-2ufksq/2019-10-14/,23.0271
5449,529,Null,trendspek-data-sydney/datasets/d2-drones-ysc5f92492e21711/23-keperra-st-keperra-qld-4054-xnoiok/2021-03-16/,1.79213
5450,530,Null,trendspek-data-sydney/datasets/dragonrecon-risk-management-dbc603c462cd25f4/waste-man-site-test-2020-uiumdp/2021-03-17/,9.68462
5451,531,Null,trendspek-data-europe-west/datasets/tts-consulting-and-design-kyp6050152b292f6/n1-pyramid-5oz8bf/2021-03-16/,9.31408
5452,532,Null,trendspek-data-europe-west/datasets/puffin-technology-lvf5f8cccc72e1d5/the-aviva-centre-iqbovb/2021-03-16/,23.624
5453,533,Null,trendspek-data-sydney/datasets/santos-qhl6046c9c4c6293/refridge-area-incomplete-data-uploadcall-me-dtapwr/2021-03-09/,163.37
5454,534,Null,trendspek-data-sydney/datasets/sa-uavs-cbs60418d64df18c/viterra-port-pirie-block-3-fxncsx/2021-03-17/,16.0582
5455,535,Null,trendspek-data-sydney/datasets/dragonrecon-risk-management-dbc603c462cd25f4/central-coast-commercial-asset-uqonrs/2021-03-17/,9.17933
5456,536,Null,trendspek-data-sydney/datasets/pro-drone-solutions-uko60534906e5bb6/pump-track-ejkdzp/2021-03-18/,11.5846
5457,537,Null,trendspek-data-sydney/datasets/applus-wkg5f3b4437ba881/santos-pb-tank-6b-j3zuox/2020-12-11/,166.682
5458,538,Null,trendspek-data-sydney/datasets/smartscan-orm6054364bc5ec4/ah-block20-nadsxe/2021-03-19/,1.47718
5460,539,Null,trendspek-data-sydney/datasets/sunwater-cwn6053e5a230b35/paradise-dam-oim1wb/2021-03-19/,77.5119
5461,540,Null,trendspek-data-sydney/datasets/fulcrum-cs-xcr600630b7b9426/beauty-point-stp-kk8vfg/2021-03-22/,6.40027
5462,541,Null,trendspek-data-sydney/datasets/applus-wkg5f3b4437ba881/santos-pb-splitter-reboiler-h-16-1058-gnuclx/2021-03-06/,110.559
5463,542,Null,trendspek-data-sydney/datasets/cdm-smith-slt6052fe91a7bd7/byrneside-nidar-f0vhb9/2021-03-25/,5.66917
5464,543,Null,trendspek-data-europe-west/datasets/sopreco-mtusgj/emile-huchet-refrigerant-3-ibjsw8/2021-03-01/,95.2553
5465,544,Null,trendspek-data-europe-west/datasets/sopreco-mtusgj/emile-huchet-refrigerant-4-qfcrig/2021-02-22/,54.5558
5466,545,Null,trendspek-data-sydney/datasets/d2-drones-ysc5f92492e21711/hinze-dam-rock-face-hkyszc/2021-03-26/,1.65018
5467,546,Null,trendspek-data-sydney/datasets/air-inspect-australia-amh5fd2e3950a19e/ferny-close-test-3-gegjsj/2021-03-29/,1.74455
5468,547,Null,trendspek-data-sydney/datasets/fulcrum-cs-xcr600630b7b9426/lime-kiln-rnz6d4/2021-03-26/,10.6447
5469,548,Null,trendspek-data-sydney/datasets/santos-qhl6046c9c4c6293/jetty-pipe-racks-plg50p/2021-03-06/,83.943
5470,549,Null,trendspek-data-sydney/datasets/pro-drone-solutions-uko60534906e5bb6/cbh-mirambeena-vvporx/2021-03-29/,50.1852
5471,550,Null,trendspek-data-sydney/datasets/fulcrum-cs-xcr600630b7b9426/knights-creek-down-stream-face-68mdvn/2021-03-30-a79c1920-509e-47d1-a133-1d533f2fe0d3/,0
5472,551,Null,trendspek-data-europe-west/datasets/german-copters-dls-gmbh-rdg6067ab3b0f649/funkturm-freital-tprhi6/2020-11-05-d61c3cbd-e355-42d5-a5d5-5a84fcd849db/,0
5473,552,Null,trendspek-data-sydney/datasets/air-inspect-australia-amh5fd2e3950a19e/durdidwarrah-tower-vglreh/2021-04-03-a40287be-8ed9-4a04-8498-ed5455d41a0b/,0
5474,553,Null,trendspek-data-sydney/datasets/air-inspect-australia-amh5fd2e3950a19e/sayers-road-mobile-tower-scfxyg/2021-04-04-ca4f8a8f-5530-4e03-9f66-5f2ed14e6822/,0
5475,554,Null,trendspek-data-europe-west/datasets/sopreco-mtusgj/lausanne-hopital-q7ygzi/2021-03-15/,0
5476,555,Null,trendspek-data-sydney/datasets/surf-lifesaving-nsw-ukf5ffe77378a371/fnc-office-2d-gsd-15mm-94m481/2021-03-25-7d8d8a5c-f613-4917-9419-d17c66b82c23/,0
5477,556,Null,trendspek-data-sydney/datasets/santos-qhl6046c9c4c6293/tank-2306a-fdxz4b/2021-03-21/,0
5478,557,Null,trendspek-data-sydney/datasets/santos-qhl6046c9c4c6293/tank-2302a-yjiyfx/2021-03-19/,0
5479,558,Null,trendspek-data-europe-west/datasets/sopreco-mtusgj/emile-huchet-refrigerant-5-qavnco/2021-03-02/,0
5480,559,Null,trendspek-data-sydney/datasets/santos-qhl6046c9c4c6293/tank-2305a-qxvnj5/2021-03-22/,0
5481,560,Null,trendspek-data-sydney/datasets/structural-technologies-roz6049fc3fc4e2a/sequoyah-unit-1-cooling-tower-6pwhf0/2021-02-19-d5a4356b-507b-49e2-80df-db33791536ad/,0
5482,561,Null,trendspek-data-sydney/datasets/csiro-anh5f601350abd8b/csiro-test-capture-cty6z1/2021-04-07-77af7896-a8b3-48e6-a44d-75a5d3ef6147/,0
5483,562,Null,trendspek-data-sydney/datasets/nsw-police-tha606e81e8d5f1a/rouse-hill-fatal-s5taed/2021-04-08-d4c838bb-b0c2-4774-bdc8-138a8df2e61a/,0
5484,563,Null,trendspek-data-sydney/datasets/nsw-police-tha606e81e8d5f1a/test-2-lbqjlz/2021-04-08-37943ddb-08f1-492d-b184-9f42629a9633/,0
5485,553,Null,trendspek-data-sydney/datasets/air-inspect-australia-amh5fd2e3950a19e/sayers-road-mobile-tower-scfxyg/2021-04-07-0405d55a-997f-4846-8d5b-18bb4096a625/,0
5486,564,Null,trendspek-data-sydney/datasets/surf-lifesaving-nsw-ukf5ffe77378a371/wamberal-60m-rtk-jotwmf/2021-03-30-18981a6c-1233-4ff0-89f2-ed0cb980295c/,0
5487,565,Null,trendspek-data-sydney/datasets/santos-qhl6046c9c4c6293/jetty-head-yrvhky/2021-03-20/,0
5488,566,Null,trendspek-data-sydney/datasets/nsw-police-tha606e81e8d5f1a/menangle-fatal-hnjqr0/2021-04-08-c2b02ecc-32d7-4ec2-a2da-32baeb29bca8/,0
5489,567,Null,trendspek-data-europe-west/datasets/german-copters-dls-gmbh-rdg6067ab3b0f649/schocksberg-3xcaxm/2021-04-07-ebc1a663-c909-41cd-a5e7-3689ccc82d2c/,0
5490,568,Null,trendspek-data-sydney/datasets/surf-lifesaving-nsw-ukf5ffe77378a371/wamberal-90m-3d-rtk-kediq0/2021-03-30-8ffd8b0c-6388-4828-a414-23aff83d6e26/,0
5491,569,Null,trendspek-data-sydney/datasets/surf-lifesaving-nsw-ukf5ffe77378a371/wamberal-90m-rtk-gs2uxo/2021-03-30-3cfd0263-a7fa-421d-86ff-38865f024ec2/,0
5492,570,Null,trendspek-data-sydney/datasets/surf-lifesaving-nsw-ukf5ffe77378a371/wamberal-south-90m-rtk-rioldt/2021-03-30-3112930d-b506-49a2-8c55-da6d14e8fc7e/,0
5493,571,Null,trendspek-data-sydney/datasets/nsw-police-tha606e81e8d5f1a/test-1-nhw6p2/2021-04-09-155e48d6-85e2-4103-a8a9-ae7ee5f08a18/,0
5494,572,Null,trendspek-data-sydney/datasets/visionhawk-innovations-pvt-ltd-rde606f063c46d32/rail-vdgnc4/2021-04-08-c47f147c-0b17-4766-81f7-45a7f7cb4b0a/,0
5495,573,Null,trendspek-data-sydney/datasets/air-inspect-australia-amh5fd2e3950a19e/ferny-roof-test-4-0bxkit/2021-04-10-537f66a6-d671-456e-bfc1-a7476a141198/,0
5496,574,Null,trendspek-data-europe-west/datasets/sopreco-mtusgj/drone-technixx-cheminee-bmunfq/2021-04-04-49faf82a-fb32-4cf2-b646-2c3e672473b5/,0
5497,575,Null,trendspek-data-europe-west/datasets/sopreco-mtusgj/drone-technixx-batch-house-qauvrm/2021-04-01-ad96ffc8-171b-43a8-9b2b-81fd657915ec/,0
5498,576,Null,trendspek-data-europe-west/datasets/sopreco-mtusgj/drone-technixx-partie-chaude-hekvca/2021-04-01-e45a806d-2aae-4e13-bf3b-c07746cac0c4/,0
5499,577,Null,trendspek-data-sydney/datasets/air-inspect-australia-amh5fd2e3950a19e/ferny-roof-test-5-qjkn9r/2021-04-14-735f3224-54d2-4e0d-afe0-ab18908c6fe9/,0
5500,578,Null,trendspek-data-europe-west/datasets/consortiq-uk-gyb5fb382e54d3da/llandow-tower-cq-demo-njwvvz/2021-04-14-c5bb5640-3fb5-4816-afbf-36d2bcaec7ed/,0
5501,534,Null,trendspek-data-sydney/datasets/sa-uavs-cbs60418d64df18c/viterra-port-pirie-block-3-fxncsx/2021-04-15-4932597b-808d-4b85-9a20-560c601d8bbc/,0
5502,579,Null,trendspek-data-sydney/datasets/ventia-wqe5f44b3fd87830/nbn-asquith-visual-gd-2-zc1ksy/2021-04-14-1ce3c9aa-0918-476c-872e-13c07a6cdb4f/,0
5503,580,Null,trendspek-data-europe-west/datasets/visualspect-zfc5f324fdcd999e/pont-kuss-hsgkf7/2021-04-19-88a74ea7-f033-446d-93e1-e2b514f3fed2/,0
5504,581,Null,trendspek-data-sydney/datasets/remsense-fio5fd00126d5af7/5045-6-mcmaster-st-vic-park-uqile0/2021-04-13-e7e3758b-b38f-4b85-8372-130820b2b1e2/,0
5505,543,Null,trendspek-data-europe-west/datasets/sopreco-mtusgj/emile-huchet-refrigerant-3-ibjsw8/2021-03-01/,0
5506,582,Null,trendspek-data-europe-west/datasets/visualspect-zfc5f324fdcd999e/pont-du-faubourg-de-pierre-eervlh/2021-04-21-b8b1865e-d01a-4fa1-bc7d-47c771c68352/,0
5507,583,Null,trendspek-data-europe-west/datasets/puffin-technology-lvf5f8cccc72e1d5/landguard-j8408-tp42-vkpyxb/2021-04-21-2c61989c-a64d-41b2-9919-706a351f57a2/,0
5508,584,Null,trendspek-data-europe-west/datasets/sopreco-mtusgj/demo-road-diagnosis-tptv8i/2021-04-14-59e8f65b-740e-4edb-9f13-8a53085eec37/,0
5509,585,Null,trendspek-data-sydney/datasets/cps-global-spq6087e6453bf1b/axicom-tower-castle-hill-qexy0y/2021-04-26-62c3ef16-23f3-4977-9059-546ee490d918/,0
5510,560,Null,trendspek-data-sydney/datasets/structural-technologies-roz6049fc3fc4e2a/sequoyah-unit-1-cooling-tower-6pwhf0/2021-02-18-a5d2f231-f3f8-4f58-93df-ea77e339908f/,0
5511,586,Null,trendspek-data-sydney/datasets/hoverscape-uuykan/bridge-parramatta-river-36fblb/2021-04-22-e8fb03ab-6307-4c36-b33a-0df414e18583/,0
5512,587,Null,trendspek-data-sydney/datasets/cardno-yrd5f6836584e8d6/west-channel-mndlox/2021-03-22-2d0236eb-4b93-4849-84c5-0a092b605c14/,0
5513,588,Null,trendspek-data-sydney/datasets/cardno-yrd5f6836584e8d6/popes-eye-us6jld/2021-03-22-fc523de3-458a-4df4-9b63-7e0af3371edc/,0
5514,589,Null,trendspek-data-sydney/datasets/cardno-yrd5f6836584e8d6/hovell-pile-s3atvb/2021-03-22-d2fe0598-086a-437f-a52b-a5893c5ba662/,0
5515,590,Null,trendspek-data-sydney/datasets/ventia-wqe5f44b3fd87830/bunbury-service-jetty-1n6b7y/2021-04-29-9e9610b3-05ab-4c3d-89da-1d3911f68777/,0
5516,591,Null,trendspek-data-europe-west/datasets/german-copters-dls-gmbh-rdg6067ab3b0f649/autry-test-2-cdb3ub/2021-05-02-d4db3afe-0e22-483b-8b45-0778498e911e/,0
5517,550,Null,trendspek-data-sydney/datasets/fulcrum-cs-xcr600630b7b9426/knights-creek-down-stream-face-68mdvn/2021-05-05-04fefa9e-6038-469e-9439-a1d7013d50bd/,0
5518,592,Null,trendspek-data-sydney/datasets/applus-wkg5f3b4437ba881/catr7344a-tower-8ty2jw/2021-04-22-d7e4441b-af6c-49b3-a813-5f0b49cc28e1/,0
5519,593,Null,trendspek-data-sydney/datasets/uavis-xaq609105254dbcc/omeara-bridge-wsywqw/2021-05-06-ce58754d-d624-4103-bf41-accc82c9ba61/,0
5520,594,Null,trendspek-data-sydney/datasets/ventia-wqe5f44b3fd87830/challenger-harbour-outer-wall-qrg6au/2021-05-09-5106fb53-3130-48bd-8a07-d1949af2b3f5/,0
5521,595,Null,trendspek-data-europe-west/datasets/puffin-technology-lvf5f8cccc72e1d5/suez-line-4-and-5-krobkt/2021-05-07-3712064a-b8fc-4ac0-8011-841c397b1508/,0
5522,596,Null,trendspek-data-europe-west/datasets/dales-surveying-ltd-upq608a30c397903/telecoms-test-dales-surveying-ltd-utiy5v/2020-11-09-cf2c5d36-9e20-4824-946f-f460a3bb0a22/,0
5523,597,Null,trendspek-data-sydney/datasets/ventia-wqe5f44b3fd87830/challenger-harbour-cardinal-gvyttc/2021-05-09-eb35b8dc-dc1e-4439-bfba-6375a4c77a21/,0
5524,598,Null,trendspek-data-europe-west/datasets/mark-zaccaria-photography-kxa609a6fa016ebe/test-1-choue5/2021-05-11-73247313-d2a4-4f49-b37b-49253c46af1a/,0
5525,599,Null,trendspek-data-sydney/datasets/ventia-wqe5f44b3fd87830/bunbury-rec-pen-building-8p2vmc/2021-05-11-3944449c-4382-4d2f-b776-8b147bcc4704/,0
5526,600,Null,trendspek-data-sydney/datasets/hogcopter-productions-tdv609b257c52acb/hulin-house-yruhx6/2021-05-12-73b74d56-fa47-41c5-acd6-6f7c069e5cfe/,0
5527,601,Null,trendspek-data-sydney/datasets/hogcopter-productions-tdv609b257c52acb/joustra-house-06r7n5/2021-05-11-6bc1b7b2-99d1-474b-9bda-73ab03fd29bd/,0
5528,602,Null,trendspek-data-europe-west/datasets/hysurv-ymu5fe0018f094a8/golf-club-lane-pat72d/2021-05-13-408dcefc-3296-4998-910f-2d7251a58f47/,0
5529,603,Null,trendspek-data-sydney/datasets/air-inspect-australia-amh5fd2e3950a19e/south-morang-civil-works-bvxx4j/2021-05-13-af834cd1-935b-4d86-87a9-0268c0b14eac/,0
5530,604,Null,trendspek-data-sydney/datasets/hogcopter-productions-tdv609b257c52acb/solar-farm-litemq/2021-05-13-755ded50-40b7-4213-9cbd-ad5bcaefc21d/,0
5531,605,Null,trendspek-data-europe-west/datasets/hisurv-ekx609b27c870e10/demo-yahizx/2021-05-12-8c47cbc5-4ffe-4c68-ba46-8626720ed83f/,0
5532,606,Null,trendspek-data-sydney/datasets/structural-technologies-roz6049fc3fc4e2a/limestone-chimney-fex0cx/2019-03-26-1ea445eb-2b64-4e46-a7fe-0ce1ee050ceb/,0
5533,607,Null,trendspek-data-usa-west/datasets/silcomm-engineering-uyr5f83d2005e74a/anu628-long-bay-pel71d/2021-05-10-ec1b7761-085e-416d-8ea8-2856ab93981a/,0
5534,501,Null,trendspek-data-sydney/datasets/pgim-cxb601bdcb26e4ed/40-york-st-facade-03petu/2021-05-14-bc155406-3d29-4c35-96cc-799cad38e470/,0
5535,608,Null,trendspek-data-sydney/datasets/nsw-police-tha606e81e8d5f1a/test-with-mavic-advanced-hecurq/2021-05-15-da3df8a5-d49b-44a3-919e-a5cd7a986731/,0
5536,609,Null,trendspek-data-sydney/datasets/nsw-police-tha606e81e8d5f1a/oblique-run-with-1-and-2-b0tfek/2021-05-15-d3962d9e-7cd2-4412-8e5e-7704c6cc775f/,0
5538,610,Null,trendspek-data-sydney/datasets/cps-global-spq6087e6453bf1b/axicom-tower-castle-hill-qexy0y/2021-04-26-62c3ef16-23f3-4977-9059-546ee490d918/,0
5539,611,Null,trendspek-data-europe-west/datasets/dales-surveying-ltd-upq608a30c397903/simonstone-hall-high-detail-test-dales-surveying-ltd-jjb1sw/2021-03-30-953c716c-73d7-457e-a5da-5cf297cb3472/,0
5540,612,Null,trendspek-data-europe-west/datasets/croonwolterendros-zwa609dbbcd281c8/mast-szqfsx/2021-05-14-c752ead0-2ed0-491a-a857-b910fa1cbbd5/,0
5541,613,Null,trendspek-data-sydney/datasets/air-inspect-australia-amh5fd2e3950a19e/midstream-cellphone-tower-aimbmx/2021-05-13-07b93adc-33f6-4c5f-840e-fd73b80bd075/,0
5542,614,Null,trendspek-data-sydney/datasets/air-inspect-australia-amh5fd2e3950a19e/commercial-11-roblane-dilap-tvggzq/2021-05-21-57639ecd-6587-4402-aae1-93e930cad81d/,0
5543,615,Null,trendspek-data-sydney/datasets/air-inspect-australia-amh5fd2e3950a19e/commercial-21-roblane-dilap-ymcxsp/2021-05-21-86968a5d-7144-44d7-8397-0b13af14aac8/,0
5544,616,Null,trendspek-data-sydney/datasets/surf-lifesaving-nsw-ukf5ffe77378a371/ulan-no3-mine-dd7xag/2021-05-12-4a4d5c6f-7c49-4540-88b4-2e830b5562f1/,0